lambda_proto,lambda_gini,Recon_MSE,Gini_Exposure,MRR,HR@5
0.0,0.0,0.07394508272409439,0.308691143989563,0.1347618070290791,0.14473684210526316
0.0,0.1,0.07960206270217896,0.2503737509250641,0.10690560097042644,0.08552631578947369
0.0,0.5,0.10668440163135529,0.2934812605381012,0.09454137610365723,0.07894736842105263
0.0,1.0,0.13138270378112793,0.3107474446296692,0.10355370782310636,0.06578947368421052
0.1,0.0,0.07333634048700333,0.32377517223358154,0.11272794517396062,0.10526315789473684
0.1,0.1,0.0783926472067833,0.2931753098964691,0.10217495800487654,0.07894736842105263
0.1,0.5,0.10504015535116196,0.2994486689567566,0.08695279673301821,0.05921052631578947
0.1,1.0,0.128334179520607,0.2862403988838196,0.0981844487031228,0.07894736842105263
0.5,0.0,0.07881944626569748,0.49914655089378357,0.13172398997021775,0.11842105263157894
0.5,0.1,0.08000990748405457,0.2973465919494629,0.11343526112443816,0.07894736842105263
0.5,0.5,0.09791495651006699,0.29641851782798767,0.0945672307652292,0.05263157894736842
0.5,1.0,0.12929989397525787,0.3013041019439697,0.0845753562759347,0.05263157894736842
1.0,0.0,0.07971875369548798,0.49169105291366577,0.13468712051761447,0.09868421052631579
1.0,0.1,0.08108188956975937,0.3850671052932739,0.13481150483808926,0.10526315789473684
1.0,0.5,0.09283000230789185,0.31515929102897644,0.09756222778783354,0.07894736842105263
1.0,1.0,0.1195441484451294,0.30318620800971985,0.08252495788540788,0.05921052631578947
