entity_id,entity_type,genre,platform,discovery_success,satisfaction,cultural_context_tax,emb_0,emb_1,emb_2,emb_3,emb_4,emb_5,emb_6,emb_7,emb_8,emb_9,emb_10,emb_11,emb_12,emb_13,emb_14,emb_15
U_0,user,Amapiano,AppleMusic,0.3745401188473625,0.0,-0.3745401188473625,-0.44929272,-0.0015014152,-0.030435732,-0.057759687,-0.39081177,0.59283316,-0.056219537,-0.25572243,0.030446123,-0.06767087,0.03981119,-0.2625605,-0.0673552,0.35003182,-0.11158815,-0.07477657
U_1,user,Pop,Local,0.9507143064099162,0.5080981917545058,-0.4426161146554104,-0.30305856,-0.03762347,0.18378434,-0.07557182,-0.08201951,0.05652109,-0.23683627,-0.22405025,0.40711257,0.38707903,-0.008990492,0.16193923,-0.3432705,0.21968116,-0.2181262,0.4421436
U_2,user,Maskandi,AppleMusic,0.7319939418114051,0.9194718076337619,0.18747786582235682,-0.5903702,0.12108395,0.04421626,0.40772903,0.16677693,0.46123195,-0.25250152,0.222511,-0.06450932,-0.23580295,0.063161716,0.06406519,-0.012729732,0.18518421,-0.043943357,-0.102672726
U_3,user,Pop,Spotify,0.5986584841970366,0.32729860499112284,-0.27135987920591376,0.09727781,-0.2101651,0.17669094,0.29219443,0.40294817,-0.02088535,-0.34791854,-0.20065093,-0.086156994,0.28230846,0.070911735,0.015178824,-0.055361003,0.1841636,0.16879573,0.5897506
U_4,user,Maskandi,AppleMusic,0.15601864044243652,0.5928834735626085,0.436864833120172,-0.16759774,-0.23215023,-0.38762268,0.33705553,0.08874748,0.65476143,-0.21536237,0.018496355,-0.19975217,-0.06114991,-0.1554176,-0.07159934,0.16757217,0.08138855,0.23635855,0.085770294
U_5,user,Pop,Spotify,0.15599452033620265,0.7501459711820276,0.594151450845825,-0.60489255,-0.09662262,-0.2787349,0.18355271,-0.04877047,0.43620646,-0.26755255,-0.053089898,-0.014651953,0.16984303,-0.20995104,0.07899339,0.06773208,-0.059942424,0.28080454,0.28269067
U_6,user,Pop,AppleMusic,0.05808361216819946,0.2881362718904454,0.23005265972224592,0.35425207,-0.29475218,-0.12169792,0.059907787,0.03179669,-0.30056232,-0.42482856,-0.042347893,0.4246573,0.115424834,-0.29605117,-0.03992313,-0.11984645,-0.19560292,-0.23827982,0.32141575
U_7,user,HipHop,Spotify,0.8661761457749352,0.8147918680288717,-0.05138427774606347,0.3396478,-0.1463277,-0.07814322,-0.34897014,-0.11863221,0.2505621,0.15112525,-0.4762453,-0.0048785848,0.3598988,0.35654327,-0.07361162,0.01801317,-0.042861827,0.2019891,0.32215467
U_8,user,Lekompo,Spotify,0.6011150117432088,0.24775349201367558,-0.3533615197295332,0.15933444,-0.012786538,0.33278742,0.36676645,0.24610978,0.26942316,0.044977486,-0.015391731,-0.048380718,0.2702531,-0.11769959,0.06329421,0.14220744,0.07878698,0.2806367,0.6287615
U_9,user,Pop,Spotify,0.7080725777960455,0.5988557070094847,-0.10921687078656084,-0.19314368,0.102866426,-0.025763145,0.50825214,0.12144181,-0.32016197,-0.32215014,0.27474427,-0.11604993,-0.12120769,-0.3758177,0.013861893,-0.29944935,0.32728514,-0.17214847,0.024547065
U_10,user,HipHop,Local,0.020584494295802447,0.5860351796447991,0.5654506853489967,0.54526263,-0.27538124,-0.25605172,0.30982828,-0.0063367602,0.16064619,0.05171154,0.14540039,-0.15098411,-0.02992973,0.07117164,-0.048016723,0.023136824,-0.2816671,0.47292778,0.28467458
U_11,user,Gqom,AppleMusic,0.9699098521619943,0.4704417608173873,-0.499468091344607,-0.5995469,0.15357937,-0.26180658,0.056498952,0.014289554,-0.022978371,-0.23902464,-0.0013270837,-0.09651496,-0.06142215,-0.47160733,-0.07162921,0.16798116,0.097365335,-0.28085643,-0.36075634
U_12,user,Lekompo,AppleMusic,0.8324426408004217,0.266835194082518,-0.5656074467179038,0.6773419,0.023544978,0.50604755,0.20916802,-0.01942933,-0.022367982,0.13388844,0.040883187,-0.027209014,-0.08227994,0.23525643,-0.1895602,-0.10905663,0.09499428,0.17322636,0.2657616
U_13,user,Pop,AppleMusic,0.21233911067827616,0.8758006666853335,0.6634615560070574,0.632906,-0.11043568,0.11163233,-0.11833972,-0.19878303,-0.14903186,0.12405223,-0.08438299,0.36630064,0.09925479,0.31414548,0.02763979,-0.43197447,0.0061567887,-0.15497036,0.14966136
U_14,user,Amapiano,Spotify,0.18182496720710062,0.1946916695382313,0.012866702331130686,0.6037229,-0.0295574,0.17182876,0.12932327,-0.14179742,0.35942385,0.382476,-0.09847655,-0.055683747,0.1064692,0.14320917,-0.114285685,0.022682535,0.008084617,0.39991125,0.2731347
U_15,user,Gqom,AppleMusic,0.18340450985343382,0.27830470510533184,0.09490019525189802,0.510261,0.09304845,0.21824731,0.12259834,0.04134357,-0.5862177,-0.14980015,0.13639338,0.05043668,-0.07392473,-0.28241915,-0.105318405,-0.14197119,0.118031405,-0.032142613,0.3846142
U_16,user,Gqom,AppleMusic,0.3042422429595377,0.25299076125602726,-0.05125148170351046,-0.6554694,0.30476832,0.0383623,0.19517376,0.26064712,0.20482261,-0.22259834,0.05335845,-0.23295264,-0.04214193,-0.3068431,0.014059704,0.29891545,0.10538956,-0.058894012,-0.1459667
U_17,user,HipHop,Spotify,0.5247564316322378,0.6941394692433565,0.16938303761111861,0.6021219,0.12908652,0.30701995,0.29251528,-0.10628861,0.12492034,0.37016654,0.1636848,-0.020766055,-0.10229606,0.21825527,-0.029648528,-0.17618275,0.05347565,0.37084696,0.13929686
U_18,user,Gqom,YouTubeMusic,0.43194501864211576,0.525627365246881,0.09368234660476527,0.12771583,0.30769747,0.39978233,0.24941967,0.30093548,-0.14926997,0.075902626,0.17444047,0.010737018,0.18261641,0.09965938,0.35481033,-0.31777817,0.23507074,0.07399668,0.43236247
U_19,user,Lekompo,Spotify,0.2912291401980419,0.0,-0.2912291401980419,-0.18932442,0.5425324,0.3882634,0.28959215,-0.064948626,0.18089938,0.36578605,0.29412904,-0.12079578,-0.06723519,-0.12886205,0.16580479,-0.06911194,0.22132047,0.22085845,0.110463336
U_20,user,Pop,AppleMusic,0.6118528947223795,0.6387841732179432,0.02693127849556376,0.029661924,0.21953407,0.12944394,0.3857361,0.11259803,-0.4350645,-0.19125095,0.30499944,0.19634195,0.05500854,-0.4985477,0.20183894,-0.29799467,0.066957586,-0.142031,0.09743752
U_21,user,Pop,Spotify,0.13949386065204183,0.15572882863605986,0.016234967984018023,0.12189603,0.09220801,0.013006909,0.2800263,0.5011407,-0.34930655,-0.38099712,0.22381409,-0.29176673,-0.12854372,-0.23298487,0.054118708,0.03618124,0.2473673,-0.015201524,0.3287153
U_22,user,Amapiano,YouTubeMusic,0.29214464853521815,0.6895547332240727,0.3974100846888545,0.15224062,-0.29093423,-0.24729441,0.44330072,-0.24105895,0.51752543,-0.08027332,0.14513204,-0.17070198,-0.28671464,-0.08236824,-0.26996824,-0.09876105,0.1982781,0.17882687,0.094879106
U_23,user,HipHop,Spotify,0.3663618432936917,0.2518298343479251,-0.1145320089457666,-0.31538165,0.16076902,-0.489118,-0.4499247,-0.20831181,0.2568016,-0.00671368,-0.23452795,-0.0592544,0.04109327,-0.03163323,-0.03456444,0.1483133,-0.13477226,-0.09304726,-0.4608868
U_24,user,Amapiano,AppleMusic,0.45606998421703593,0.5982446909446577,0.14217470672762178,0.40146336,-0.20957212,-0.31700906,0.082874164,-0.55442494,0.3054066,0.13558346,-0.050386824,0.1283541,-0.17921303,-0.25868678,-0.34911516,-0.08816548,0.051804848,0.09922793,-0.090920806
U_25,user,Gqom,YouTubeMusic,0.7851759613930136,0.3807828106943574,-0.4043931506986562,-0.45142195,0.46236268,0.28937203,-0.16930495,-0.19294961,0.15027982,0.24656835,-0.32761064,0.07195269,0.17916173,-0.14625435,-0.081984095,0.072141625,0.26486143,-0.10232125,-0.30147442
U_26,user,Amapiano,Local,0.19967378215835974,0.6126032547298272,0.4129294725714675,0.30169776,-0.052526414,0.14756341,0.4363702,0.3888197,0.19559692,-0.18889198,0.11973715,-0.04699933,0.19920988,-0.1574444,0.106686264,0.1381007,-0.13269784,0.20061584,0.54733735
U_27,user,Lekompo,AppleMusic,0.5142344384136116,0.03508218001256426,-0.47915225840104736,0.12884803,-0.077919,-0.049303595,0.2748763,-0.19776267,0.7007272,0.21909827,-0.14020753,0.16506974,0.06926139,0.24953409,-0.034430463,-0.12052228,-0.09674629,0.34938815,-0.2451381
U_28,user,Pop,YouTubeMusic,0.5924145688620425,0.31580953591094246,-0.2766050329511,0.120540984,0.06934084,-0.18168698,0.02265577,-0.5001208,0.30283785,0.29203007,-0.1591899,-0.005769642,-0.15781964,-0.28387538,-0.36174127,0.10012566,0.052275352,0.20769191,-0.4498974
U_29,user,Gqom,YouTubeMusic,0.046450412719997725,0.0,-0.046450412719997725,-0.010696363,0.5593241,0.26456964,-0.067697845,-0.28849605,-0.28225288,0.42871088,-0.040309537,0.05625846,0.020839117,-0.24683265,-0.03434611,-0.11586447,0.16641279,-0.011271009,-0.39648136
U_30,user,Amapiano,Local,0.6075448519014384,1.0,0.39245514809856163,0.2434519,-0.32174584,-0.10423625,0.13375029,-0.24436657,-0.13204615,-0.30798227,-0.1172581,0.3836654,-0.08497673,-0.15724519,-0.26503682,-0.33404812,0.16311285,-0.48254094,-0.047668207
U_31,user,HipHop,Spotify,0.17052412368729153,0.7343252155849177,0.5638010918976262,-0.00079580175,-0.088511236,-0.0120419515,0.37836057,0.30117828,0.44182873,-0.14876054,0.10752186,-0.25487694,0.10158261,0.01473104,0.14231497,0.015701318,0.18431044,0.4281603,0.46471694
U_32,user,Lekompo,Spotify,0.06505159298527952,0.21393717904545723,0.1488855860601777,-0.42037246,-0.035428185,0.22381589,0.07043526,-0.069120124,0.36965358,-0.28995568,-0.20896736,0.09331036,0.05491251,0.18565446,-0.088827126,-0.27105677,0.49877238,-0.23926057,0.25346175
U_33,user,Lekompo,AppleMusic,0.9488855372533332,0.6730581037627882,-0.27582743349054506,0.42704523,0.030042047,0.2515871,0.046356577,-0.049465325,0.5008048,0.37047416,-0.09396469,0.20001498,0.18278803,0.4245311,0.10608602,-0.050760943,-0.20299347,0.1932423,0.07699415
U_34,user,Amapiano,Local,0.9656320330745594,0.9613495291078273,-0.004282503966732021,-0.26400205,-0.028130475,-0.046378434,0.37318337,0.3937312,-0.13476112,-0.44085312,0.28865227,0.034640033,0.1601933,-0.14822996,0.36068353,-0.18014745,-0.06671027,0.0019718024,0.3484317
U_35,user,Pop,Spotify,0.8083973481164611,0.4116145964815184,-0.39678275163494275,-0.19257888,0.22393842,0.3117593,0.30472502,0.27079147,-0.24625382,-0.19649744,0.22057126,0.22231571,0.22174865,-0.115328275,0.38481826,-0.31367162,0.03989199,-0.059066523,0.37152308
U_36,user,Amapiano,Local,0.3046137691733707,0.6459669535715025,0.3413531843981318,-0.33942616,0.07265784,-0.41798,-0.3831882,-0.30216762,0.19454497,0.04344227,-0.25452676,0.14291726,0.10364729,-0.06409133,0.0022709584,-0.043133017,-0.031338453,-0.2632718,-0.50468874
U_37,user,Gqom,Spotify,0.09767211400638387,0.24287559700241038,0.1452034829960265,-0.07024789,0.13335398,0.2958346,0.31997114,0.32112196,-0.3994264,-0.36919156,0.30834696,0.15408465,0.010931112,-0.1987238,0.21363728,-0.19064257,0.023658803,-0.19321589,0.33182955
U_38,user,Amapiano,YouTubeMusic,0.6842330265121569,0.0,-0.6842330265121569,-0.22070694,0.15365487,0.24517857,-0.01115881,-0.27486485,0.72629297,-0.063346446,-0.29695928,0.16946943,0.022198442,-0.09020012,-0.289698,0.1427995,0.124729685,-0.06478026,-0.103790976
U_39,user,Lekompo,Spotify,0.4401524937396013,0.9434261053796539,0.5032736116400526,-0.41851303,0.14693712,-0.026480237,0.26290438,-0.31851292,0.5860766,-0.025073478,0.16302381,-0.041333724,-0.19765666,0.13305968,-0.03208171,-0.3104898,0.2991918,0.03880902,-0.11982526
U_40,user,Amapiano,Local,0.12203823484477883,0.9203240267206775,0.7982857918758987,-0.18084876,-0.13717799,-0.2887233,-0.08225759,0.026604623,0.06775421,-0.42963788,-0.4311433,-0.10801246,-0.0064092265,-0.29968515,-0.36608925,0.1104097,0.3921518,-0.18724667,-0.21448044
U_41,user,Pop,YouTubeMusic,0.4951769101112702,0.5730797695573885,0.0779028594461183,0.39598486,-0.08968599,0.32104617,0.15773119,-0.17435381,-0.013982774,-0.19603929,0.1280871,0.4415858,-0.2103235,0.16802251,-0.13220054,-0.39822522,0.09514672,-0.4093118,0.040684134
U_42,user,HipHop,YouTubeMusic,0.034388521115218396,0.34600999954770256,0.31162147843248417,0.38395625,-0.3530294,-0.5035949,0.061541554,-0.2388437,0.14219894,-0.22511208,0.088150986,0.2542322,-0.19053292,-0.21801648,-0.17149583,-0.009588928,-0.3432443,-0.06768552,-0.18566382
U_43,user,Maskandi,YouTubeMusic,0.9093204020787821,0.3106782149264849,-0.5986421871522971,0.10213425,0.15328248,0.11036948,0.45710155,-0.03335773,0.6272216,0.28499624,0.10567604,-0.05657981,-0.053181157,-0.1532324,-0.025533639,0.14676349,-0.06909668,0.402573,-0.1987445
U_44,user,Amapiano,Local,0.2587799816000169,0.7373074133953642,0.4785274317953473,-0.07165869,-0.08913514,0.18050995,0.5142786,-0.023932388,0.22041905,-0.28506082,0.30513006,0.13703206,-0.26703975,0.19756758,0.01967628,-0.4692645,0.28232488,-0.07780688,0.17565219
U_45,user,Pop,AppleMusic,0.662522284353982,0.9633233274046817,0.30080104305069977,0.089716405,-0.37283033,-0.37210536,0.27222392,-0.12042665,0.27001926,-0.36133188,0.18086715,0.12770067,-0.017812334,-0.24255897,-0.03543432,-0.0011112435,-0.27355403,0.13677709,0.46844155
U_46,user,Pop,AppleMusic,0.31171107608941095,1.0,0.688288923910589,0.62997013,-0.036409304,0.16234335,-0.3241941,0.06548411,-0.38581493,-0.14907172,-0.24300097,0.16419701,0.20916626,0.16407272,-0.1128085,-0.043788414,-0.15737095,-0.25050518,0.19012909
U_47,user,HipHop,AppleMusic,0.5200680211778108,0.656093995974939,0.1360259747971282,-0.40685233,-0.020534351,-0.04157115,0.5268436,0.23973602,0.31760845,-0.26892814,0.26832485,-0.09451602,0.0038667107,0.0116562275,0.26235268,-0.22611035,0.16762386,0.20977834,0.22570874
U_48,user,Lekompo,Local,0.5467102793432796,0.8553349836199144,0.3086247042766348,-0.18843739,-0.25712693,-0.42987627,0.25174832,-0.20508131,0.66529775,-0.13416539,0.101908386,-0.032989036,-0.2399275,0.052852087,-0.12332717,0.01576154,-0.07440424,0.15751205,-0.17288823
U_49,user,Pop,YouTubeMusic,0.18485445552552704,0.0,-0.18485445552552704,-0.55151874,0.06948155,-0.35703582,-0.10109802,0.12139421,-0.017593512,-0.4538223,0.015868174,0.046954915,0.13358636,-0.25698513,0.20315939,-0.1408914,0.1534472,-0.4009301,-0.023337856
U_50,user,Pop,AppleMusic,0.9695846277645586,0.14645020459105546,-0.8231344231735032,0.27936703,-0.2620857,-0.28365508,0.47517344,0.012958826,0.10786409,-0.30181754,0.29161635,-0.17147577,-0.3199179,-0.24933365,-0.18716116,0.010320699,-0.017472323,0.3066433,0.18891454
U_51,user,Pop,Local,0.7751328233611146,0.9573859091755369,0.18225308581442234,-0.6169245,0.45691285,0.25223064,0.0045368047,0.10723317,0.06577789,-0.017619276,0.031375486,-0.06960606,0.25666583,-0.037344825,0.30445206,-0.11759891,0.23885792,0.024669826,0.3058989
U_52,user,Pop,AppleMusic,0.9394989415641891,0.6345282464330932,-0.30497069513109587,0.0442616,-0.023872077,-0.38911465,-0.1943501,-0.28798822,0.11210462,0.042674318,-0.14829056,0.3321636,-0.026111497,0.07383317,-0.059983056,-0.06618611,-0.3598122,-0.26058888,-0.60593504
U_53,user,Gqom,Spotify,0.8948273504276488,0.0,-0.8948273504276488,-0.13372748,0.09308166,-0.042057022,0.4222525,0.17602162,0.24314134,-0.15396501,0.40433654,-0.08495808,-0.016540833,0.056806955,0.34037644,-0.24673438,0.003972102,0.28767326,0.49585068
U_54,user,Gqom,AppleMusic,0.5978999788110851,0.08065931783030457,-0.5172406609807806,-0.18196483,0.35360605,0.44047076,0.2539177,0.33829436,-0.24133167,-0.23349594,0.2969276,0.11296028,-0.076855645,-0.17212051,0.23162965,-0.14757799,0.24252602,-0.2024034,0.21090922
U_55,user,Lekompo,AppleMusic,0.9218742350231168,0.6142016756421725,-0.3076725593809443,0.24254476,-0.050056953,-0.1307198,0.45038,0.014403023,0.40202054,0.020681389,0.37748906,-0.11723635,-0.111408696,0.037667777,0.10988332,-0.025876869,-0.23295252,0.44015744,0.35448316
U_56,user,Amapiano,YouTubeMusic,0.0884925020519195,0.0,-0.0884925020519195,-0.29310477,-0.40007043,-0.40403235,-0.020467632,-0.12712902,0.48127076,-0.32991582,-0.27180064,0.0050126403,-0.0054745814,0.22283301,-0.17335105,-0.10705561,0.11997579,-0.22340515,-0.06590607
U_57,user,Pop,Local,0.1959828624191452,0.24576826111960115,0.04978539870045595,-0.07602646,-0.45019698,-0.5169854,0.096793726,-0.22167915,0.5697158,-0.24949129,-0.08991758,0.104848295,-0.10795621,0.0676713,-0.16354723,-0.053845346,-0.06426666,-0.022003163,-0.096759364
U_58,user,HipHop,YouTubeMusic,0.045227288910538066,0.5844353379630909,0.5392080490525528,0.25223073,0.072908804,-0.035070248,-0.09026256,-0.36096683,-0.1827694,-0.038635038,0.026424792,-0.20576043,-0.50567174,-0.030799199,-0.4655995,-0.12170484,0.3905349,-0.18848808,-0.19277982
U_59,user,Amapiano,YouTubeMusic,0.32533033076326434,0.6226042381666278,0.29727390740336346,-0.5236752,0.17086147,0.12566267,0.1276555,0.18543002,-0.30096927,-0.4020122,-0.12657136,-0.12511338,0.12535936,-0.34672204,-0.068690345,-0.032854937,0.3621124,-0.25140914,0.10083795
U_60,user,HipHop,YouTubeMusic,0.388677289689482,0.7419212470459255,0.35324395735644354,-0.30618417,0.34635025,0.49347714,0.06817535,0.0013496858,0.16357456,-0.115972586,-0.004366921,0.08943261,0.0060729114,-0.120751336,0.03884067,-0.17279986,0.52589947,-0.12561373,0.38931292
U_61,user,Amapiano,YouTubeMusic,0.2713490317738959,0.2549992615482207,-0.016349770225675186,0.3677231,0.2115042,0.23944058,0.20629326,-0.37035063,-0.1383877,-0.013666385,0.26566792,0.3181576,-0.37251964,-0.28686243,-0.26129383,-0.15980528,-0.050527267,-0.23601875,-0.13683872
U_62,user,Lekompo,YouTubeMusic,0.8287375091519293,0.7934654332314319,-0.035272075920497414,0.1225933,-0.02566354,0.31674716,0.35551158,-0.11351737,0.30157915,-0.073725395,-0.020215485,0.26289687,0.16484219,0.006163859,0.031581663,-0.35807335,0.25112063,0.16710418,0.5756646
U_63,user,Pop,AppleMusic,0.3567533266935893,0.3002119716891613,-0.05654135500442797,-0.31963915,-0.16750287,-0.31890738,0.3221609,-0.023652801,0.58414704,-0.28683192,-0.061850846,0.13832991,0.106682636,-0.24920875,-0.004642239,0.12009437,-0.23749873,0.26450247,0.05446304
U_64,user,Pop,YouTubeMusic,0.28093450968738076,0.24250019706706047,-0.03843431262032029,0.14749289,-0.33749586,-0.35906464,0.06442565,0.14069982,0.4694884,-0.32496467,-0.02589276,-0.038689476,0.09769264,-0.022834606,0.023270072,0.19703113,-0.27445525,0.2869016,0.41977724
U_65,user,Maskandi,YouTubeMusic,0.5426960831582485,0.6904733010983272,0.1477772179400787,0.2226778,-0.18737122,-0.13044082,0.42528725,-0.04110895,0.62923753,0.049050603,0.19707353,-0.093350805,-0.18830983,0.17030308,-0.032320153,-0.023839768,-0.0708945,0.44392547,0.04076575
U_66,user,HipHop,Local,0.14092422497476265,0.7243622595595408,0.5834380345847782,0.3047253,0.3173057,0.46591827,-0.19847842,0.034452006,0.054536954,0.5216962,-0.2827643,0.15458678,0.26658705,0.19606617,0.057237178,0.14889593,-0.10625116,0.07287944,-0.1350847
U_67,user,Amapiano,Spotify,0.8021969807540397,0.9102604370375245,0.1080634562834848,-0.5039222,0.04196558,-0.23770851,0.12103136,0.29569447,-0.13762145,-0.5342442,0.14908314,0.07716328,0.1009388,-0.36585414,0.2526208,-0.02122769,-0.03111568,-0.14664383,0.14965715
U_68,user,Amapiano,AppleMusic,0.07455064367977082,0.6555227329039286,0.5809720892241578,-0.5347833,0.02811193,-0.3778341,-0.11459818,0.121123336,0.0009923073,-0.37528116,-0.24267228,-0.15836228,0.108793125,-0.43464684,-0.08693614,0.24819854,0.11394247,-0.07331701,-0.17197856
U_69,user,Gqom,AppleMusic,0.9868869366005173,0.5800413416663498,-0.4068455949341675,-0.26063535,0.32606918,0.56538415,0.24279442,0.0014535685,-0.049330108,-0.16929075,0.15197645,0.13118842,-0.13394904,-0.054493353,0.004093038,-0.28306383,0.43293875,-0.18469729,0.23050947
U_70,user,Maskandi,AppleMusic,0.7722447692966574,0.22144125740693496,-0.5508035118897224,0.20101684,0.5042471,0.4625375,0.30702797,0.106336124,0.24890582,0.46911618,0.042991273,-0.10755226,0.12467706,0.012363475,0.11336297,0.013045913,0.087960675,0.23024333,-0.03008377
U_71,user,Gqom,YouTubeMusic,0.1987156815341724,0.30855866417585054,0.10984298264167813,0.17604128,-0.36223358,-0.55213755,0.28548512,-0.07106156,0.26618022,-0.30649397,0.21414869,0.06401419,-0.040870223,-0.04670157,0.07628277,-0.19796115,-0.21537022,0.18258831,0.321028
U_72,user,Gqom,YouTubeMusic,0.005522117123602399,0.3199121057987292,0.3143899886751268,-0.62128764,0.17498085,-0.19643621,0.4352134,0.024144607,0.15704681,-0.08166013,0.12122219,-0.055633973,0.08943144,-0.36848828,0.17049709,-0.1394036,0.116022274,0.10623528,-0.29773986
U_73,user,Gqom,YouTubeMusic,0.8154614284548342,0.22377037813569417,-0.5916910503191399,0.28042963,0.15758774,-0.045943253,-0.23989987,-0.52756125,-0.16761127,0.21977164,-0.17636767,0.16552128,-0.13724893,-0.204306,-0.33644655,-0.12245241,0.14047307,-0.18192755,-0.42666906
U_74,user,HipHop,Local,0.7068573438476171,0.9512424344297236,0.24438509058210645,0.17991367,-0.38434258,-0.42329037,0.12256716,-0.10542828,0.29677948,-0.20473863,-0.15667689,-0.0050102663,0.16877206,-0.20136549,-0.110701926,0.082081236,-0.15895972,0.4293858,0.40294665
U_75,user,HipHop,Spotify,0.7290071680409873,0.5029754098654795,-0.2260317581755078,0.22854812,-0.16317044,-0.2785427,0.30715296,0.22025083,-0.010361494,-0.08022287,0.1790049,-0.44869623,0.02050415,-0.018538324,0.049947117,0.087150976,-0.10456667,0.53905946,0.3852457
U_76,user,Lekompo,YouTubeMusic,0.7712703466859457,0.9745881900759162,0.2033178433899705,0.02902349,0.26418915,0.24867707,-0.28653115,0.09808368,-0.33594573,-0.11449715,-0.12221362,0.48063058,0.32130396,-0.21724264,0.23292202,-0.06689653,-0.17169513,-0.3832396,0.1355719
U_77,user,Lekompo,Spotify,0.07404465173409036,0.7124895895973268,0.6384449378632364,0.26429018,-0.045294743,0.1887761,0.13840753,-0.42253473,0.60217726,0.2490583,-0.002836244,0.23771794,-0.15151396,0.20617443,-0.14739309,-0.2706736,0.21447885,0.080934,-0.024499351
U_78,user,Gqom,Local,0.3584657285442726,0.9253591842570813,0.5668934557128087,-0.10613647,0.5454518,0.41944614,-0.03554425,-0.026147412,-0.10508293,0.3214671,-0.18768558,-0.2647564,0.16809988,-0.21706761,-0.060723606,0.103881754,0.36274192,0.22124228,0.15246405
U_79,user,Maskandi,AppleMusic,0.11586905952512971,0.5047374772684681,0.38886841774333836,-0.609226,0.4545921,0.18218422,0.11142013,0.19859686,0.28370035,0.065412715,0.03554069,0.14095283,0.25700378,-0.097649544,0.38975036,0.0002505971,0.012905008,-0.053173613,-0.027606448
U_80,user,Amapiano,YouTubeMusic,0.8631034258755935,0.6450991817558555,-0.21800424411973807,-0.49434623,0.41831574,0.15012726,-0.05607071,0.048698705,0.15031709,0.09895684,-0.3759446,-0.24706027,0.15374854,-0.22504032,-0.1555405,0.26069376,0.29580066,-0.0035682472,-0.25273028
U_81,user,HipHop,Spotify,0.6232981268275579,0.4614910181595183,-0.1618071086680396,0.26073447,0.42636165,0.26446402,-0.3743055,0.13181765,-0.43167877,0.19590254,-0.110251345,0.22388707,0.19286205,0.12879229,0.19600658,-0.0030757992,-0.26069722,-0.2253995,-0.15756658
U_82,user,Maskandi,Spotify,0.3308980248526492,0.22765962304688872,-0.10323840180576047,0.37071547,-0.16017243,0.03280083,0.24805126,0.41023216,-0.17496368,-0.27753514,0.13335551,0.13711958,0.19839436,-0.14432292,0.23890413,0.007331311,-0.29678366,0.118604206,0.49226993
U_83,user,Pop,YouTubeMusic,0.06355835028602363,0.7094378098247369,0.6458794595387133,0.24069373,0.18180285,0.4454943,0.035186663,0.054998584,-0.4028942,-0.11730018,0.071429536,0.28894004,0.09798765,-0.037142117,0.12448614,-0.35999697,0.22274248,-0.18303388,0.44991443
U_84,user,HipHop,AppleMusic,0.3109823217156622,0.2904719589401276,-0.020510362775534585,0.5134828,0.2663428,0.2940221,-0.2192571,-0.085743435,-0.50346977,0.13874476,-0.037913434,0.20943564,0.05034795,0.010848847,-0.015111818,-0.26670238,0.11201808,-0.31265533,-0.14552298
U_85,user,HipHop,AppleMusic,0.32518332202674705,0.08383166897514521,-0.24135165305160183,0.38628513,0.410441,0.2294239,-0.061468203,-0.1579113,-0.5500464,0.23662446,-0.028823534,-0.011324247,0.013164538,-0.38944912,-0.09732166,-0.10947189,0.23123515,0.11633696,0.034171082
U_86,user,Lekompo,AppleMusic,0.7296061783380641,0.5636502275838206,-0.16595595075424352,0.32106692,-0.28980222,-0.538736,0.081628315,-0.17858087,0.31723255,-0.14933279,0.16989437,-0.28133863,-0.15931958,-0.0613734,-0.1525047,0.05798545,-0.032433834,0.2845794,0.33967784
U_87,user,Amapiano,Local,0.6375574713552131,0.38634940697559494,-0.2512080643796182,0.598301,-0.3062349,-0.30482504,-0.01988735,-0.0120128235,0.036140498,-0.112174384,-0.05247458,0.00038512825,0.11372183,-0.13936223,-0.059342805,0.06904422,-0.15717489,0.32638758,0.5160224
U_88,user,Amapiano,Spotify,0.8872127425763265,0.8398568462029441,-0.047355896373382445,-0.48936975,0.19428523,-0.31572133,-0.1521672,0.1834846,0.009506316,-0.3238801,-0.29189843,-0.21362963,0.22933972,-0.41441134,-0.035455063,0.25172082,0.093308255,-0.060225185,-0.1707356
U_89,user,Pop,Spotify,0.4722149251619493,0.8325097157238142,0.36029479056186486,0.295037,-0.34937117,-0.5367537,-0.050453186,0.06112005,0.33881977,-0.01527055,-0.108167246,-0.11643227,0.14981742,0.09801044,0.036672276,0.20164515,-0.38704762,0.33029184,0.15252246
U_90,user,Pop,Spotify,0.1195942459383017,1.0,0.8804057540616983,-0.23259677,-0.15810786,-0.2958139,0.041175015,-0.0869432,0.009571829,-0.5802365,-0.07342848,0.0030791636,-0.14286397,-0.3553992,-0.26245773,-0.07415285,0.25850168,-0.43319306,0.07995266
U_91,user,HipHop,Local,0.713244787222995,0.44932496965173796,-0.26391981757125704,0.059327282,-0.3145355,-0.5521615,0.038102265,0.06904987,0.20493779,-0.19964494,-0.08341838,0.0061289994,0.2541854,-0.18450837,0.07366834,0.2140555,-0.46575493,0.29659328,0.20687293
U_92,user,Gqom,Spotify,0.7607850486168974,0.07786859823408294,-0.6829164503828145,0.17724118,-0.06426992,0.325697,-0.19647638,0.03475498,-0.15129036,-0.33792955,-0.44217813,0.23779732,0.2728782,-0.017098553,-0.21685399,-0.08111931,0.25607875,-0.29951838,0.38178903
U_93,user,Lekompo,Local,0.5612771975694962,0.9911531135141534,0.4298759159446571,0.5128578,0.1478163,0.17823464,-0.33541206,-0.24744813,-0.1888115,0.08657804,-0.18230106,0.3271855,0.06299536,-0.07538362,-0.08585389,-0.2741607,0.280691,-0.36495233,0.14844006
U_94,user,Lekompo,AppleMusic,0.770967179954561,0.4269594710326229,-0.3440077089219381,-0.2659096,-0.13650468,0.09318307,-0.21100925,-0.112708725,0.21480359,-0.27596647,-0.43903583,0.4175302,0.25284004,0.029639618,-0.13039163,-0.07379352,0.12121874,-0.5029701,-0.020936342
U_95,user,HipHop,YouTubeMusic,0.49379559636439074,0.8769293818950864,0.38313378553069566,0.4532318,0.26237056,0.37590435,-0.26429057,-0.22920765,-0.16097943,0.2584097,-0.2923951,0.33937648,0.12248552,-0.13112338,-0.21150523,0.06224089,-0.06359216,-0.26448324,-0.11786374
U_96,user,Maskandi,Spotify,0.5227328293819941,0.9712004329086255,0.4484676035266314,-0.08063866,0.3246441,-0.14083295,0.17243466,0.10757451,0.27201048,0.28354305,-0.003291956,-0.33819005,-0.008426598,-0.2002772,0.001802181,0.36941215,-0.18182696,0.46923587,-0.3581901
U_97,user,Gqom,Spotify,0.42754101835854963,0.7852932843161489,0.35775226595759924,0.093070135,0.2037532,-0.1416371,-0.07777965,0.37345773,-0.64013,-0.4070358,-0.029846063,0.014900942,0.19016738,-0.33996227,0.15627778,-0.03251038,-0.028152868,-0.087945595,0.148119
U_98,user,HipHop,AppleMusic,0.02541912674409519,0.3919608654113608,0.36654173866726564,0.64258265,0.06299815,0.3030063,0.13395633,-0.077437446,0.27381018,0.3525375,0.03783618,-0.0697051,-0.012666031,0.31126815,-0.055852886,-0.07777187,0.023263633,0.3486574,0.1830315
U_99,user,Gqom,YouTubeMusic,0.10789142699330445,0.3703919904517114,0.26250056345840694,-0.20043543,-0.030633701,-0.11232179,-0.42951483,0.21961631,-0.103880145,-0.15965153,-0.5577776,-0.11588186,0.41669607,-0.009047052,-0.081457,0.27763775,0.04194233,-0.29281026,-0.08831829
U_100,user,Gqom,Local,0.03142918568673425,0.7685869518376057,0.7371577661508715,0.33623832,-0.049122725,0.06271386,0.5093773,0.103442945,-0.00620246,0.08917419,0.36295024,-0.3131354,-0.1651588,-0.06513268,-0.0015692596,-0.0022168,0.009344012,0.47552353,0.33899522
U_101,user,Gqom,YouTubeMusic,0.6364104112637804,0.2847834209909783,-0.3516269902728021,-0.28213444,0.23903021,-0.3266242,0.0109212445,-0.24763884,0.3631661,0.3128736,0.057262834,-0.12241772,-0.12735814,-0.18507595,-0.0130584985,0.17148331,-0.14350371,0.10975409,-0.57827574
U_102,user,HipHop,AppleMusic,0.3143559810763267,0.21078589211365495,-0.10357008896267172,0.09939984,-0.30097187,-0.4878722,0.22604945,-0.11593147,0.49331477,-0.027542964,0.03477852,-0.074873015,-0.13656396,-0.06318465,-0.13948181,0.17762809,-0.32986414,0.23597091,-0.32848582
U_103,user,Lekompo,AppleMusic,0.5085706911647028,0.5004288071779527,-0.008141883986750087,-0.09349032,0.35384622,0.23205441,0.2447966,0.1873939,-0.4277068,-0.056231353,0.3904089,0.259527,-0.03833257,-0.35799223,0.33360866,-0.19801821,0.030001095,-0.16150509,0.06461494
U_104,user,Lekompo,YouTubeMusic,0.907566473926093,0.8539327346041379,-0.05363373932195514,-0.46899542,0.32917428,0.19222681,-0.24288791,0.048973236,-0.19813871,-0.091260925,-0.17393789,0.25783136,0.23807807,-0.20557737,0.14497551,-0.049402,0.13584152,-0.5009355,-0.19296063
U_105,user,Gqom,Local,0.24929222914887494,0.7203985178241642,0.47110628867528925,-0.54905427,0.38462108,0.16618522,0.1271674,-0.3104813,0.14850283,-0.009474604,-0.0076984,0.17753483,-0.09169776,-0.28802955,-0.10584547,-0.15390448,0.2833495,-0.289798,-0.25723225
U_106,user,Maskandi,Local,0.41038292303562973,0.5945578272002372,0.18417490416460747,-0.22005501,0.07953879,-0.27446708,0.13629664,-0.4303822,0.37109923,0.073237084,-0.06453699,-0.083763115,-0.25690687,-0.21957736,-0.31913394,0.026368782,0.096792206,0.15937893,-0.51022005
U_107,user,Amapiano,Spotify,0.7555511385430487,0.04648217623365555,-0.7090689623093931,0.109123975,-0.22939369,-0.42498797,0.04445285,0.16834162,-0.3940096,-0.51873606,0.10788922,0.14910865,0.08649285,-0.3142743,0.10862193,-0.099697694,-0.2205996,-0.18101002,0.2385796
U_108,user,HipHop,Local,0.22879816549162246,0.5679033961373374,0.33910523064571496,0.2928589,-0.16564469,-0.3169379,0.24721575,0.15565379,0.21453565,-0.15425132,0.25087652,-0.38038033,-0.22025792,-0.068352416,-0.10361973,0.30784294,-0.28192016,0.36957756,0.22090332
U_109,user,Amapiano,YouTubeMusic,0.07697990982879299,1.0,0.923020090171207,0.23412722,0.39445588,0.70920306,0.15781945,0.25697455,-0.1300237,0.021857942,0.026273726,0.19992815,0.018597055,0.2131833,0.088624336,-0.13829587,0.10057921,-0.13044107,0.1942356
U_110,user,Maskandi,AppleMusic,0.289751452913768,0.0,-0.289751452913768,0.4144402,-0.25784805,-0.23433685,-0.05500906,-0.30907688,0.4181163,0.020125294,-0.26838714,0.32029617,0.18722224,0.13333611,-0.10479751,-0.09088691,-0.29445407,0.20747581,0.23793857
U_111,user,HipHop,Spotify,0.16122128725400442,0.37758327492608124,0.21636198767207682,-0.5921959,-0.09420639,-0.15862459,0.018212333,-0.17900127,0.38082042,-0.1999863,-0.11916279,0.33926493,0.23097482,-0.08935312,0.16151606,-0.2621493,0.17486173,-0.2555273,0.1286893
U_112,user,Gqom,Spotify,0.9296976523425731,0.8055286498027119,-0.12416900253986118,0.19882236,0.03355857,-0.47730666,0.20820524,-0.052078497,-0.39869004,0.06879898,0.066659614,-0.29651523,0.035750218,-0.3672235,-0.0443908,0.08463632,-0.27572608,0.45601463,-0.013000804
U_113,user,Lekompo,AppleMusic,0.808120379564417,0.7194239025830197,-0.08869647698139727,0.35740688,0.2228072,0.3123594,-0.1417217,-0.03250595,-0.4388447,0.3520347,-0.24810906,0.3058463,0.39842755,-0.06436875,0.12656718,-0.08341624,-0.15379712,-0.00573491,0.15080532
U_114,user,Amapiano,Local,0.6334037565104235,0.7281064975550684,0.09470274104464493,-0.16111238,0.41131157,0.3012548,0.31931514,0.1379943,-0.23324291,0.11598149,0.12214093,-0.33209792,-0.15880206,-0.4125095,-0.12557167,0.13213775,0.40175554,0.0033440762,-0.10007804
U_115,user,Pop,AppleMusic,0.8714605901877177,0.8500197056820644,-0.02144088450565329,-0.44267252,0.2155017,-0.29335025,-0.25018418,-0.26452234,0.089611284,-0.28932872,-0.2813607,0.26907772,0.13894767,-0.21465355,-0.0111543415,-0.25909016,0.16121295,-0.31166378,-0.1997869
U_116,user,Pop,Local,0.8036720768991145,0.4452571135399571,-0.35841496335915735,0.32985604,-0.12883152,-0.13487296,-0.08270749,-0.52093065,0.4089608,0.23367696,-0.079448245,0.14918362,-0.2509756,0.21169902,-0.3142102,-0.07430745,-0.09969966,-0.024049189,-0.3243495
U_117,user,Maskandi,AppleMusic,0.18657005888603584,0.27759799126815066,0.09102793238211482,-0.07037981,-0.20354766,-0.5046924,-0.066858836,0.02447613,0.016337113,-0.33856902,-0.17725898,-0.086856805,0.0109157935,-0.52374023,-0.22466195,0.32624367,-0.115218766,-0.07566515,-0.29939824
U_118,user,Gqom,YouTubeMusic,0.8925589984899778,0.8074595346882447,-0.08509946380173306,-0.18614917,0.37616125,0.22308506,-0.22767507,-0.23511963,0.07727348,0.32124528,-0.17091815,0.13547067,-0.066888295,0.11752211,-0.08123927,-0.042287923,0.13226843,-0.3131796,-0.6066152
U_119,user,Amapiano,Local,0.5393422419156507,0.7098604582153999,0.17051821629974917,0.27890646,-0.31901288,-0.37005642,0.2600044,0.10145038,-0.09287555,-0.42701784,0.072423026,0.14640783,0.008919214,-0.38772064,-0.09403155,0.12580764,-0.37723,0.01769658,0.26507223
U_120,user,Gqom,YouTubeMusic,0.8074401551640625,0.8652210049808647,0.057780849816802204,-0.5113318,0.42937243,0.031514566,-0.012447855,0.065635286,-0.40259942,-0.04974616,0.04620952,0.043196604,0.19726777,-0.5106113,0.21844067,-0.026755275,0.07389237,-0.114204034,-0.11656539
U_121,user,Amapiano,Spotify,0.8960912999234932,0.8843746886644575,-0.01171661125903578,-0.18525453,0.07265819,0.10405076,0.06882144,-0.19935177,0.49265203,-0.29330903,-0.21879351,-0.2999649,-0.1614582,-0.08408314,-0.5221639,0.22576658,0.22954603,-0.1278162,0.11277825
U_122,user,Maskandi,AppleMusic,0.3180034749718639,0.5436142548947468,0.22561077992288292,-0.36120164,0.15555826,0.27263805,0.21675241,-0.025487265,-0.30185255,-0.48223838,0.012253577,0.18544406,0.067469,-0.2763594,-0.070144,-0.27555144,0.2188195,-0.2985502,0.25763208
U_123,user,Maskandi,Spotify,0.11005192452767676,0.4187932003319673,0.30874127580429056,0.12911487,-0.19298956,0.080166474,0.49444366,-0.028505815,0.7017209,0.16557255,-0.042215507,-0.1277249,0.044093244,0.07007654,-0.1428628,0.083079614,0.06265646,0.34143636,0.0421534
U_124,user,Pop,Spotify,0.22793516254194168,0.8502298303908924,0.6222946678489507,0.5484939,-0.26815876,-0.2636693,0.05980835,-0.41930413,0.3194937,0.0865643,0.059482943,0.2529569,-0.16755557,0.088487096,-0.19265468,-0.10648388,-0.33311763,0.07320108,-0.023463804
U_125,user,Gqom,Spotify,0.4271077886262563,0.803237822078023,0.37613003345176665,-0.13457575,0.23355666,0.097280666,-0.3486706,-0.3631555,-0.09529558,-0.010001296,-0.237031,0.3495872,-0.060587652,-0.2491533,-0.20995392,-0.009352869,0.010060969,-0.43633616,-0.42004898
U_126,user,HipHop,Spotify,0.8180147659224931,0.6910908624120176,-0.12692390351047556,0.10012571,-0.1318439,-0.33738777,0.13985328,-0.19369188,-0.0047627394,-0.08456628,-0.14278275,-0.3834074,-0.20431411,-0.433916,-0.49276203,0.27078268,0.10939091,0.16671956,-0.20297012
U_127,user,Pop,AppleMusic,0.8607305832563434,0.8359638416459952,-0.024766741610348197,0.28385073,-0.30771694,-0.21534841,0.27476975,-0.053675663,0.47165912,-0.27138302,0.19304743,-0.20414011,-0.35570806,0.25042164,-0.17632294,-0.1858042,0.17591862,0.10488714,0.16772607
U_128,user,Gqom,Spotify,0.006952130531190703,0.9590197409886776,0.9520676104574869,-0.58989406,0.078911826,-0.27030146,0.059281413,0.086091064,0.3056289,-0.11694729,-0.28646433,-0.098691694,0.2330218,-0.17471988,-0.012593773,0.2964378,-0.21956502,0.16393362,-0.33908433
U_129,user,Pop,AppleMusic,0.5107473025775657,0.29787310966295216,-0.21287419291461357,-0.07556603,0.09789744,0.247998,0.32704046,0.16041596,0.30020386,-0.1966188,0.07853747,0.118860394,0.2003417,-0.044476185,0.2123538,-0.25469863,0.29451126,0.12849675,0.6213761
U_130,user,HipHop,AppleMusic,0.417411003148779,0.3979922008209857,-0.019418802327793305,0.69426465,-0.2961634,-0.30946144,-0.0043909955,-0.19649403,0.22357507,0.19012034,-0.115745835,0.036133837,0.043834724,0.019759044,-0.13176064,0.030753663,-0.23550986,0.3393373,0.0618124
U_131,user,Lekompo,YouTubeMusic,0.22210781047073025,0.09524117991904849,-0.12686663055168176,-0.6141003,0.12989862,-0.30014473,0.0036478043,-0.34849918,0.3192295,-0.06775108,-0.081229836,0.01551956,-0.14645672,-0.18178912,-0.1356172,-0.05735472,0.14019127,-0.13773231,-0.407819
U_132,user,Lekompo,Local,0.1198653673336828,0.5880477508510571,0.4681823835173743,-0.31841493,0.38354665,0.25894603,-0.10387941,0.19419158,0.04605637,0.2559213,-0.23911487,0.20028852,0.54184926,-0.0024199209,0.38172597,0.047555998,-0.1620881,0.039048336,0.040757123
U_133,user,Lekompo,Local,0.33761517140362796,0.0,-0.33761517140362796,-0.3442285,-0.05365807,-0.48725808,0.27244762,0.24057163,0.12538736,-0.3228629,0.114604086,-0.2428775,-0.006304887,-0.41978282,0.06816278,0.24180816,-0.13815595,0.24181072,-0.009197496
U_134,user,Lekompo,AppleMusic,0.9429097039125192,0.4680490355583544,-0.47486066835416474,-0.19802245,0.09837391,-0.09303865,-0.18901119,-0.5671362,0.4217889,0.2137531,-0.23001705,0.2976598,0.105664335,0.044021618,-0.0153797995,-0.34883678,0.27622947,0.08883841,-0.027527727
U_135,user,Amapiano,YouTubeMusic,0.32320293202075523,0.5924444638321216,0.26924153181136634,-0.44687626,0.11870279,0.10659818,0.028197272,0.3135558,-0.18884537,-0.4060563,-0.121695355,-0.012102049,0.29950574,-0.20555122,0.1534184,-0.09515779,0.3161334,-0.29166272,0.33268687
U_136,user,Lekompo,AppleMusic,0.5187906217433661,0.4316556129077886,-0.08713500883557751,-0.4597037,0.0795303,0.070098445,-0.022573845,-0.054817848,-0.18326646,-0.26628503,-0.09669763,0.45432872,0.20807345,-0.34360373,0.15964696,-0.26330158,0.19784926,-0.38140944,0.11344314
U_137,user,HipHop,AppleMusic,0.7030189588951778,0.6867603431775314,-0.01625861571764642,0.1546768,-0.2944129,-0.42287454,-0.2983714,-0.36954647,0.39474654,0.05371081,-0.42493245,0.18271393,0.19224277,0.0080868425,-0.1893705,0.030868309,-0.13332325,0.038757533,-0.138591
U_138,user,Maskandi,AppleMusic,0.363629602379294,0.24581849569020509,-0.1178111066890889,0.41536224,0.25927705,0.3258299,-0.037902102,0.1403532,-0.58873117,-0.13199669,0.08116799,0.078229606,-0.11096923,-0.3191528,-0.10067184,0.010050893,0.11381152,-0.27251977,0.21115032
U_139,user,Maskandi,YouTubeMusic,0.9717820827209607,0.0,-0.9717820827209607,0.039235115,-0.2620782,-0.29156566,0.40720364,-0.0361819,0.06487211,-0.5585706,0.035923164,0.24389872,-0.03495855,-0.42000237,-0.16862771,-0.1431889,-0.056645293,-0.21775138,0.153192
U_140,user,Amapiano,Local,0.9624472949421112,0.9098326243317261,-0.05261467061038516,-0.21143956,0.03820188,-0.21841286,0.4645554,-0.12172731,0.5788746,-0.110922135,0.27621174,-0.18189068,-0.29255056,-0.07992938,-0.07914315,0.009635691,-0.013560003,0.3466839,0.0043887645
U_141,user,Lekompo,YouTubeMusic,0.25178229582536416,0.37852484198509806,0.1267425461597339,0.2319883,0.42056817,0.4439978,0.09257339,0.20307103,-0.5361592,0.14110057,0.10378373,0.14634433,0.18844135,-0.22969855,0.2046518,-0.14868775,0.07737629,-0.15442917,0.026472282
U_142,user,Lekompo,Spotify,0.49724850589238545,0.34604080597365205,-0.1512076999187334,0.102754936,0.19551307,0.34869534,0.120733716,0.046242584,-0.3912521,-0.18933912,0.034282833,0.24338575,-0.05182869,-0.24726544,-0.04962927,-0.31230247,0.42846176,-0.46453393,-0.019485548
U_143,user,Lekompo,YouTubeMusic,0.30087830981676966,0.44141343151928925,0.14053512170251958,0.024853306,0.37595606,0.31097424,0.33738425,0.42957985,-0.3059917,0.13776574,0.24418218,-0.09536432,0.14793868,-0.26868048,0.28499967,0.15695815,-0.1260975,0.15439256,0.20485231
U_144,user,Pop,YouTubeMusic,0.2848404943774676,0.6860213688805332,0.4011808745030656,-0.5256909,0.34369344,0.012880538,0.25124738,0.2480177,-0.24996693,-0.21357913,0.34640503,-0.16738142,-0.14406532,-0.30975538,0.19807354,-0.019278603,0.09247483,-0.14079396,-0.19981162
U_145,user,Gqom,YouTubeMusic,0.036886947354532795,0.15588176295244097,0.11899481559790817,-0.0697974,-0.1295769,-0.04667336,-0.15166956,-0.48585942,0.26450175,0.092272446,-0.25044692,0.38658684,0.2216208,0.15491393,-0.020852285,-0.4558128,0.15271284,-0.3221088,-0.13438328
U_146,user,Pop,YouTubeMusic,0.6095643339798968,0.4105009033880196,-0.19906343059187726,0.19558643,0.47382796,0.37427926,0.021322157,0.025838934,-0.5784154,0.17831323,0.04327408,0.0003466415,-0.015233131,-0.38419923,-0.058354054,0.016314628,0.10970386,-0.13647804,-0.21358699
U_147,user,Gqom,Local,0.5026790232288615,0.03277196282569189,-0.4699070604031696,0.51659656,0.028352074,0.30861217,-0.15078714,-0.22678441,-0.27189866,0.20562302,-0.31933022,0.24297394,0.34548727,-0.03672511,-0.14362451,-0.08130692,-0.047014255,0.012779262,0.3679326
U_148,user,Lekompo,Spotify,0.05147875124998935,0.0,-0.05147875124998935,-0.02386635,0.040026072,0.055535436,0.43575123,-0.1393293,0.55417454,0.26828656,0.21835019,-0.10987088,-0.3344734,0.23068446,-0.08934246,-0.020945895,-0.0017501799,0.23963538,-0.34011754
U_149,user,Lekompo,Local,0.27864646423661144,0.5463940102157687,0.2677475459791573,-0.57324374,0.44344425,0.13749225,-0.25941557,0.063798286,0.2894692,0.22980414,-0.20630974,-0.11617009,0.27984628,0.16031155,0.23812805,0.10235112,0.08856254,0.06748447,-0.09068921
U_150,user,Pop,Local,0.9082658859666537,0.5748107191878224,-0.33345516677883125,0.65256083,-0.015005312,0.19089183,-0.21881598,0.33879635,-0.015375241,0.040004715,-0.363506,-0.07100678,0.17030618,-0.11309632,-0.17528425,0.40047216,0.043001764,-0.032720916,-0.0018758158
U_151,user,Pop,YouTubeMusic,0.23956189066697242,0.8250469854197952,0.5854850947528227,0.05903185,0.18586425,0.02791615,-0.07055233,-0.49531198,-0.2722557,0.12915605,-0.1125604,0.03731606,-0.18803948,-0.40191907,-0.37329337,-0.13317114,0.3774527,-0.15106201,-0.29451934
I_0,item,Lekompo,N/A,,,,0.012743036,0.06724761,-0.15448835,0.026907608,0.0017828449,0.27344632,0.14783481,-0.049089726,0.39390773,0.016342985,-0.71628046,-0.040539876,-0.03537177,0.35744783,0.12686908,0.23756318
I_1,item,Amapiano,N/A,,,,0.047523934,0.47158912,-0.37036183,0.12865622,0.1670718,-0.067894526,-0.14889015,-0.42380625,0.15058938,0.05342438,-0.019581685,-0.22800644,-0.30290326,0.053222075,0.4173429,-0.20164959
I_2,item,Amapiano,N/A,,,,0.24755347,0.40554067,-0.02551852,0.14811431,-0.12684317,-0.07762398,-0.40862167,-0.38280752,0.26070827,0.08140295,0.052415315,0.16547163,0.03387015,-0.0015590782,0.533575,-0.15956733
I_3,item,Maskandi,N/A,,,,-0.0100528635,0.3236056,-0.14947493,0.1538885,0.04488322,0.22394456,-0.03461816,0.18625605,-0.23196346,0.31126273,-0.17454928,-0.33777818,-0.53453183,-0.34731218,-0.23880458,-0.04967603
I_4,item,Lekompo,N/A,,,,0.19138667,-0.020989638,-0.3361823,0.11017436,0.0758622,0.2752962,0.29308757,0.15642653,0.19281876,0.102596544,-0.40446347,0.13782586,0.16000116,0.49302673,-0.28655443,0.25451922
I_5,item,Amapiano,N/A,,,,0.13196291,0.36860937,-0.2586725,0.3885474,0.20734993,-0.092728235,-0.13464329,-0.41868553,0.31934133,0.15995426,0.0722554,-0.25821105,-0.20251822,-0.11778462,0.2871976,-0.2167626
I_6,item,Amapiano,N/A,,,,0.20132223,0.30746856,0.020310117,0.11744021,-0.15226011,-0.0002054563,-0.3541646,-0.3035599,0.47289845,-0.0012084102,-0.07984224,0.26333016,0.087064035,0.1133981,0.5259318,-0.116480984
I_7,item,Gqom,N/A,,,,0.38082868,0.38260663,-0.16517732,0.09359513,-0.120396346,0.22574589,-0.29018417,-0.023216382,0.34947494,0.19616921,-0.0405426,0.26092783,0.2916515,0.41010457,0.16431728,-0.10838485
I_8,item,Amapiano,N/A,,,,-0.12951659,0.25891292,-0.073637605,0.17949225,0.21560341,-0.033595495,-0.02973929,-0.3219268,0.16696551,0.040589377,-0.11666527,-0.49390683,-0.43964064,-0.4013219,0.28796127,-0.045500495
I_9,item,Lekompo,N/A,,,,0.051860433,0.1116868,-0.33678824,0.29523668,0.07931904,0.1026868,0.32705235,-0.24214494,0.248281,0.06313004,-0.490096,-0.14034598,-0.049776267,0.10347533,-0.122345455,0.49813542
I_10,item,Maskandi,N/A,,,,-0.03192094,-0.27556387,0.09900968,0.056740925,-0.07160691,0.26199865,0.2271374,0.51256275,-0.2446322,0.17336398,-0.29384592,-0.045624077,-0.022673458,0.025075449,-0.5266463,0.25517467
I_11,item,Gqom,N/A,,,,0.35533908,0.46328387,-0.26495612,0.1438599,-0.026019182,0.15265656,-0.24940641,-0.19582659,0.3147072,0.19961311,-0.16942634,0.18121731,0.10563642,0.33509555,0.2642058,-0.22358078
I_12,item,Amapiano,N/A,,,,-0.18273325,0.15232033,-0.0023271267,0.18662192,0.055788077,-0.22709505,-0.15824942,-0.22116265,0.53485507,-0.066707514,0.15395458,-0.30949083,-0.1334539,-0.1911847,0.5614508,-0.018403063
I_13,item,Amapiano,N/A,,,,-0.20327377,0.35733333,-0.0740468,0.000120154284,0.17907889,0.09743687,-0.047888983,-0.23953648,0.018617162,-0.055576082,-0.24183273,-0.46872458,-0.5333382,-0.33701184,0.21068558,0.015467418
I_14,item,Gqom,N/A,,,,0.36983794,0.20907089,-0.2866948,0.056926116,-0.052190777,0.2815629,-0.06287164,0.1693646,0.05117476,0.22864103,-0.27299455,0.2649585,0.294475,0.50743216,-0.27494475,0.0037410457
I_15,item,Lekompo,N/A,,,,0.21739833,-0.09759312,0.012373489,0.057434365,-0.2715936,0.29912835,0.06763022,0.18419476,-0.15467839,0.124226384,-0.3654188,0.4256786,0.14569527,0.3435781,-0.419024,0.2628203
I_16,item,Gqom,N/A,,,,0.23460831,0.4898078,-0.038027447,-0.15000394,-0.05185974,0.2056436,-0.5345193,0.1311588,-0.018254275,0.17293507,0.05495848,0.07414318,-0.15797502,0.06588581,0.33673525,-0.38956702
I_17,item,Amapiano,N/A,,,,0.057742044,0.5783541,-0.03251282,0.19068265,-0.17974287,-0.020780377,-0.2704486,-0.24275944,0.05607581,0.21794173,0.008751288,-0.2979657,-0.08966819,-0.4436015,0.26397854,0.21431492
I_18,item,Amapiano,N/A,,,,0.08814068,0.40298483,-0.30822667,0.26724303,0.02058054,-0.24883373,-0.23150924,-0.5832209,0.016686678,0.05790564,0.1588522,-0.1137266,-0.17148799,0.028467037,0.3592494,-0.07905238
I_19,item,Amapiano,N/A,,,,-0.15690957,0.061660267,-0.18360761,0.08793079,0.18818948,-0.36710334,-0.07455845,-0.293321,0.31028453,-0.21371649,0.29733002,-0.14645602,-0.07524215,0.01771081,0.62916124,-0.121378444
I_20,item,Gqom,N/A,,,,0.36050045,0.09496729,0.0030604214,0.28664738,-0.3287807,0.01218442,-0.3237486,0.038217228,0.18716,0.31064922,0.05287833,0.35544398,0.36748973,0.3980556,0.078662656,-0.06302802
I_21,item,Lekompo,N/A,,,,0.35242957,0.34032786,0.02642681,0.030514872,-0.1647416,0.38531095,-0.118229434,-0.34239227,0.21595104,0.015696106,-0.3930629,0.33431697,0.20972295,0.21066889,-0.021156285,0.22263326
I_22,item,Maskandi,N/A,,,,0.058133796,-0.116524704,0.10624765,0.27974725,0.072962716,0.27761877,0.28020707,0.16260636,-0.085286655,0.24739662,-0.4242796,-0.14417325,-0.340486,-0.36204278,-0.41417468,0.1353463
I_23,item,Amapiano,N/A,,,,-0.10878509,0.39959744,-0.102422,0.12562871,0.16426766,-0.10520302,-0.22397654,-0.23696953,0.083644085,0.08412165,0.10090156,-0.5284755,-0.30710572,-0.32496694,0.36387718,-0.14825308
I_24,item,Gqom,N/A,,,,0.4034498,0.28947198,-0.14108017,0.20640333,-0.17155315,0.107487015,-0.3797522,0.04152096,0.037877522,0.37914494,0.005942518,0.19351493,0.22210884,0.41877156,0.1425647,-0.276248
I_25,item,Amapiano,N/A,,,,-0.079327494,0.36292008,-0.3339833,0.003950946,0.13455454,0.065516844,-0.022314383,-0.29460564,0.419774,-0.09870266,-0.20415002,-0.3442888,-0.04313297,0.24177547,0.4061644,0.26324558
I_26,item,Maskandi,N/A,,,,-0.08794695,0.036606517,0.20997657,0.15191983,-0.3013213,0.18850297,0.03942684,0.072305694,-0.30013606,0.1662732,-0.3974833,-0.11334176,-0.26722398,-0.34714982,-0.31949216,0.45615822
I_27,item,Gqom,N/A,,,,0.27786887,0.34989545,-0.22596836,-0.28629756,0.0039312216,0.48450726,-0.22872445,0.14299999,-0.27154598,0.1247971,-0.31648135,0.11439367,-0.1125695,0.31238297,-0.21591644,-0.019360946
I_28,item,Lekompo,N/A,,,,0.17098434,-0.18268712,0.11840513,0.111761905,-0.27644292,0.25469115,0.066703364,0.15983497,-0.098047085,0.15509908,-0.33967003,0.22683091,0.3111506,0.21592887,-0.5011661,0.38011834
I_29,item,Maskandi,N/A,,,,-0.023042297,-0.09328017,-0.08868923,0.10011413,0.046106398,0.29571408,0.2742596,-0.07939273,-0.113555215,0.06005707,-0.6801387,-0.07506745,-0.38328907,-0.0017784339,-0.32294503,0.25661734
I_30,item,Amapiano,N/A,,,,0.1245662,0.4362182,-0.25480708,-0.07384009,0.15983967,0.051073737,-0.12652034,-0.520475,-0.13739505,-0.15603584,0.02374229,0.11086446,-0.46526363,-0.07029009,0.34681547,-0.104823075
I_31,item,Maskandi,N/A,,,,0.052563287,0.35641754,-0.056519423,0.10701258,0.076792695,0.3231607,-0.116938375,0.2152851,0.17381367,0.4006397,-0.3103122,-0.52109075,-0.2602336,-0.20119612,0.08668107,-0.10458392
I_32,item,Maskandi,N/A,,,,-0.18308625,0.039869968,0.019006483,0.11759896,0.13281156,0.16563201,0.21252126,-0.07688712,-0.15091808,-0.008199128,-0.33177406,-0.31475848,-0.51742643,-0.4787725,-0.29885805,0.1904981
I_33,item,Maskandi,N/A,,,,-0.011835373,0.15984593,-0.24197759,0.2857278,0.14748976,0.12551998,0.21183895,-0.38118875,0.07009066,0.12885714,-0.4849779,-0.3117642,-0.44639856,-0.1381138,-0.070096605,0.17102246
I_34,item,Lekompo,N/A,,,,0.28631705,-0.056592107,-0.008843068,0.1819994,-0.16577867,0.035705425,-0.14858201,-0.19695307,0.41115868,0.12312271,-0.235105,0.21870974,0.5024528,0.46110588,0.16749828,0.10743075
I_35,item,Lekompo,N/A,,,,0.28271988,0.120010495,-0.043072768,0.39684954,-0.24269208,0.23772585,0.03366855,-0.09538631,-0.25833318,0.4668589,-0.34074408,-0.0041735996,-0.07856622,-0.044370502,-0.40081805,0.22597164
I_36,item,Amapiano,N/A,,,,0.10787324,0.26195422,-0.09094952,0.31511742,-0.062084462,-0.2423169,-0.24519399,-0.3562335,0.43077517,0.058970228,0.1083929,0.0521306,0.08871817,0.042958174,0.56664574,-0.16811655
I_37,item,Lekompo,N/A,,,,-0.045792274,-0.32093138,-0.24395521,0.15023892,-0.04062172,-0.1265873,0.25798264,-0.21480358,0.2672915,-0.20551042,-0.18436643,0.28783652,0.053124994,0.55310893,0.11142767,0.3616103
I_38,item,Amapiano,N/A,,,,0.05553614,0.29974848,-0.03335937,0.1481313,0.027948473,0.008313641,-0.39355242,-0.21337155,0.42590576,0.07793841,-0.08625796,-0.1573371,-0.091620006,0.18342872,0.5730876,-0.30432618
I_39,item,Amapiano,N/A,,,,0.19441754,0.3603483,0.12840521,0.012787754,-0.16443652,0.07590557,-0.5421977,-0.09518296,0.3550365,0.12620175,-0.05113956,0.04631798,0.095184386,-0.02332488,0.5358371,-0.19077861
I_40,item,Gqom,N/A,,,,0.37680373,0.31367442,-0.0042108954,-0.016640568,-0.003634477,0.35571572,-0.42787477,0.32474196,0.029311016,0.3521337,-0.06260686,0.1198227,-0.10245346,0.046033636,-0.007007041,-0.43411094
I_41,item,Amapiano,N/A,,,,-0.07193935,0.24717444,-0.088723674,0.37424356,0.076187424,-0.050022766,-0.17229788,-0.1262298,0.086793736,0.33000982,-0.08572564,-0.5946306,-0.38112205,-0.27374473,0.13416351,-0.12770268
I_42,item,Maskandi,N/A,,,,-0.08995256,0.12131315,-0.041907694,-0.21593475,0.37914675,0.4318398,-0.049355797,0.27449244,0.3206459,-0.12784606,-0.46909425,-0.3116978,-0.26805258,-0.0060253716,0.0036468597,-0.11190414
I_43,item,Maskandi,N/A,,,,-0.060031936,-0.04009351,-0.12935975,0.046158634,0.16492024,0.26691163,0.25677046,0.11290351,-0.18433549,0.13174102,-0.3777843,-0.3363031,-0.42113292,-0.23865749,-0.4163208,0.28985515
I_44,item,Lekompo,N/A,,,,0.29776317,0.03289731,-0.09123542,-0.02068773,-0.16112356,0.2592215,-0.14556673,-0.091635,0.11825876,-0.072713956,-0.29199904,0.4526151,0.34745556,0.43909928,-0.22146975,0.32677346
I_45,item,Maskandi,N/A,,,,-0.2568281,-0.31261238,0.25286108,-0.18635754,0.08873555,0.026372442,0.017860187,0.73230946,0.05894638,-0.028148428,0.10476186,-0.32743305,0.07904001,-0.2226105,-0.013026509,0.11854231
I_46,item,Amapiano,N/A,,,,0.24767703,0.48363176,-0.22927606,0.34509155,-0.038625024,-0.0022118161,-0.23549266,-0.55931216,0.13954832,0.21520738,-0.12823398,-0.053985037,-0.13977322,-0.046409983,0.22221825,-0.08425751
I_47,item,Amapiano,N/A,,,,0.1903471,0.34849444,-0.32312113,0.2518845,0.124050856,-0.08191283,-0.19965453,-0.2944024,0.36220676,0.16859204,0.068674065,-0.075275645,-0.09301763,0.18696448,0.46327025,-0.31242073
I_48,item,Amapiano,N/A,,,,0.027506292,0.40466297,-0.18378015,0.053113647,0.0006703823,-0.076850936,-0.39337376,-0.18626456,0.26758662,0.087199375,0.077518314,-0.1661693,-0.1901182,0.16921832,0.60007185,-0.2566271
I_49,item,Maskandi,N/A,,,,-0.14279458,0.17964415,-0.05605796,0.06034732,0.152742,0.22577319,-0.0053411447,0.013465142,-0.033000384,0.13228446,-0.25793478,-0.46466777,-0.6361467,-0.39949885,0.026603257,-0.003920302
