Timestamp,Are you based in South Africa?,"Do you use a music streaming platform (e.g. YouTube Music, Spotify, Apple Music, Deezer) at least a few times a week?",Which music streaming platform(s) do you use most? (Select all that apply),Roughly how many hours a week do you spend listening to music via streaming?,What genres do you listen to most? (Select all that apply),"In the past month, have you discovered a new artist you hadn't heard before?","The last time I discovered a new artist, it was through:","The last time I found a new artist I loved, it happened like this...","Thinking about local genres like Amapiano or SA house specifically, I mostly discover new artists in this genre through:",How well do you feel your streaming app's recommendations understand your taste in local/South African music?,Please explain your rating above.,"Have you used any AI-powered music features (e.g. AI radio, conversational music assistants, AI playlists)?","If you answered yes to the previous question, describe your experience using that AI feature.","If an AI assistant could help you with your music fandom in any way, what would you want it to do?",The hardest part about following new/independent South African artists is...,Age band,Province
27/07/2026 10:46:56,Yes,Yes,"Apple Music, Spotify, YouTube",2-5,"Hip-Hop/Rap, Gospel, Pop",Yes,My streaming app's recommendations/algorithm,I was playing music on shuffle and I came across the artist ,"Social media (TikTok, Instagram, etc.)",6,It plays a lot of music that I usually add to my playlist later,No,,Rearrange playlist for me ,They lack consistency ,18-24,Gauteng
27/07/2026 10:46:56,No,Yes,Spotify,2-5,"Amapiano, Gospel",No,My streaming app's recommendations/algorithm,I listened to the Spotify radio,A friend or family member playing it for me,5,"I feel that South African music is not as common as other genres, and so doesn't come up a lot. However, Spotify does a good job at building an algorithm to expose me to more amapiano",Not sure,,To recommend music based on what I listen to,It is difficult to find them in the first place,18-24,Gauteng
27/07/2026 10:47:42,Yes,Yes,"YouTube Music, Spotify, YouTube",2-5,"Amapiano, SA House/Deep House, Gqom, Hip-Hop/Rap, Afrobeats, Pop",Yes,A friend or family member playing it for me,"A friend was playng it n the car , I enjoyed/liked the son","Social media (TikTok, Instagram, etc.)",7,If youre on south african tiktok you'll always find local music,No,,"Do the tiktok trends ,the uber prank ones where the driver makes a ai song according to your name ","I dont really like many artists , their music sounds gham ,ghetto and vulgar. Its hard to enjoy a song when all they do is swear ",25-34,Western Cape
27/07/2026 10:47:57,Yes,Yes,"Apple Music, YouTube Music, Spotify, YouTube",2-5,"Amapiano, SA House/Deep House, Hip-Hop/Rap, Gospel, Pop",Yes,"Social media (TikTok, Instagram, etc.)",i was watching a video on tiktok and the background music was amazing and i went to see who the artist is,A radio station or DJ,6,the understand it well based on songs i mostly play,No,,be able to search for music based on key words or voice sound,N/A,25-34,Gauteng
27/07/2026 10:48:00,Yes,Yes,"YouTube Music, Spotify, YouTube",5-10,"Amapiano, Afrobeats, Gospel",Yes,My streaming app's recommendations/algorithm,i selected play similar songs and genre on spotify,"Social media (TikTok, Instagram, etc.)",5,"not a lot of recommewndations are South African, they are grouped as Africa as a whole",No,,i would test it out before forming an opinion,they use different platforms to advertise their music,45+,Western Cape
27/07/2026 10:50:26,Yes,Yes,"Apple Music, Deezer, YouTube Music, Spotify, YouTube",5-10,"Amapiano, SA House/Deep House, Afrobeats, Gospel, Pop, Rock",Yes,"Social media (TikTok, Instagram, etc.)",It was video on tiktok going nonstop and had to listen to the song and did research who is singing.,"Social media (TikTok, Instagram, etc.)",7,It like I will search for that one song I love and the app will give me suggestions on similar  music .,Not sure,,To select my style of music and vibes from my search history.,Not showing up on time on events or not showing at all .,25-34,Kwa Zulu Natal
27/07/2026 10:51:02,Yes,Yes,"Apple Music, YouTube Music, Spotify",10+,"Amapiano, SA House/Deep House, Gqom, Afrobeats",Yes,"Social media (TikTok, Instagram, etc.)","I was scrolling through TikTok when I came across a video of a girl driving while listening to a song I'd never heard before. I searched for the song out of curiosity, and that's when I discovered it was by a new artist. I ended up listening to more of their music and was pleasantly surprised by how much I liked it.
","Social media (TikTok, Instagram, etc.)",5,"The recommendations are usually good, but they don't always match my taste in South African music. Sometimes they suggest songs I enjoy and help me discover new local artists, but other times the recommendations feel too generic or focus on popular tracks rather than the styles I actually listen to.",Yes,"I've used AI-generated playlists and radio features that recommend songs based on what I listen to. They've helped me discover new artists and music I probably wouldn't have found on my own. Most of the recommendations are good, although sometimes they include songs that don't match my taste.","I'd like it to recommend new songs and artists based on my taste, create playlists for different moods, tell me about artists and the meaning behind their songs, and let me know when my favorite artists release new music or announce concerts.
","The hardest part is discovering them in the first place. Many talented independent South African artists don't get much promotion, so it's easy to miss their music unless someone recommends them or they appear on social media.",25-34,Gauteng
27/07/2026 10:52:09,Yes,Yes,"Apple Music, YouTube Music, Spotify, YouTube",10+,"Amapiano, SA House/Deep House, Gqom, Hip-Hop/Rap, Gospel",Yes,"Social media (TikTok, Instagram, etc.)",I was scrolling through TikTok and came across his sound which lead me to search for him on YouTube.,"Social media (TikTok, Instagram, etc.)",7,"Normally, when I randomly select a song to listen to, immediately when the song is done playing I get recommended a song within the same genre that in most times I end up liking",No,N/A,I would like for it to generate a cool playlist for me ,They often lack creative ways to push their music especially if they are not as exposed.,25-34,Gauteng
27/07/2026 10:58:35,Yes,Yes,"Deezer, YouTube Music, Spotify, YouTube",2-5,"Amapiano, SA House/Deep House, Hip-Hop/Rap, Gospel",Yes,"Social media (TikTok, Instagram, etc.)",I was scrolling on TikTok and bumped into this artist's video with the kind of music I like,My streaming app's recommendations/algorithm,6,It recommends the kind of music I like most of the time,No,,Share new releases and nearby shows from my favorite artists,N/A,35-44,Gauteng
27/07/2026 11:01:18,Yes,Yes,"YouTube Music, Spotify, YouTube",5-10,"Hip-Hop/Rap, Pop",Yes,My streaming app's recommendations/algorithm,I was stressed from work and needed to listen to some music.,My streaming app's recommendations/algorithm,4,It is very neutral when it comes to South African influential artists.,No,n/a,Allocate all the artists music from oldest to newest.,I am unfamiliar with a lot of them.,35-44,Western Cape
27/07/2026 11:06:04,Yes,Yes,"YouTube Music, Spotify, YouTube",5-10,"Hip-Hop/Rap, Pop",Yes,My streaming app's recommendations/algorithm,I was under a lot of stress and was keen to listen to some new artists.,My streaming app's recommendations/algorithm,4,It is very neutral in terms of South African musicians,No,n/a,Categorize a particular artist's music from oldest to newest tracks.,I do struggle to keep up with the newer artists in SA.,35-44,Western Cape
28/07/2026 11:56:14,Yes,Yes,"YouTube Music, Spotify",10+,"Amapiano, SA House/Deep House, Hip-Hop/Rap",Yes,My streaming app's recommendations/algorithm,I was listening to some everyday liked songs then I clicked the wrong by mistake but I immediately loved it.,My streaming app's recommendations/algorithm,7,It extremely understands my genre needs and recommend only the best ,No,I didn't answer yes,I would want it to recommend songs according to my genres only ,They fade fast ,25-34,Gauteng
28/07/2026 11:56:26,Yes,Yes,"Spotify, YouTube",5-10,"Amapiano, SA House/Deep House, Gqom, maskandi",Yes,My streaming app's recommendations/algorithm,it was the algorithm i searched a song i wanted to listen to familiar songs followed up until the one that was knew and i ended up liking it,"Social media (TikTok, Instagram, etc.)",6,i love spotify so much thry know what song to play based on what song you searched and so on they always match your mood ,No,N/A,make suggestion on how to sing certain parts ,they are inconcistent most of the time ,18-24,Gauteng
28/07/2026 11:56:27,Yes,Yes,"YouTube Music, Spotify, Audiomack",5-10,"Amapiano, SA House/Deep House, Gospel",No,A radio station or DJ,Was with my family than dj on radio said  we playing heat of new artist tell us your review after ,My streaming app's recommendations/algorithm,7,I'm able too listen to any music 247,No,Na,Just said few lyric n it play or give suggestions ,No announcement ,35-44,Kwa Zulu Natal
28/07/2026 11:59:18,Yes,Yes,"Apple Music, Deezer, YouTube Music, Spotify, YouTube",10+,"Amapiano, SA House/Deep House, Gqom, Afrobeats, Pop, Rock",Yes,"Social media (TikTok, Instagram, etc.)",I became addicted to the artist ,"Social media (TikTok, Instagram, etc.)",7,They recommend the best music to me ,No,,Yes,Sometimes their music lack some instrument ,18-24,Kwa Zulu Natal
28/07/2026 12:01:49,Yes,Yes,"Apple Music, YouTube Music, Spotify, YouTube",5-10,"Amapiano, SA House/Deep House, Hip-Hop/Rap, Afrobeats",Yes,"Social media (TikTok, Instagram, etc.)",It was a normal day and I was just scrolling on TikTok. Then I was captured by this  lekompo song called Stofi Stofoza by PLG Chanty. The song is very catchy and I have it on repeat ever since. Just like that I discovered a new artist.,"Social media (TikTok, Instagram, etc.)",7,Because I am able to find all the local music effortlessly. ,No,N/A,"I would like a feature whereby I can just sing the song, and the AI plays the song immediately. ",Is finding them on social media as there are a lot of fake pages with their names.,25-34,Limpopo
28/07/2026 12:03:24,Yes,Yes,"Apple Music, YouTube Music, Spotify, YouTube",10+,"Amapiano, SA House/Deep House, Hip-Hop/Rap, Gospel",Yes,"Social media (TikTok, Instagram, etc.)", i was browsing through TikTok and i heard the song and liked it checked comments,"Social media (TikTok, Instagram, etc.)",5,they understand but dont recommend much to me,Yes,"It has been awesome i love it these features have helped me discover new artists and music that matches my listening preferences,  its made it easier to find songs I enjoy ","I would like an AI assistant to recommend music I might like, create playlists based on my mood, and let me know when my favorite artists release new songs",keeping up with their latest music because they don't always get enough exposure,35-44,Gauteng
28/07/2026 12:03:38,Yes,Yes,"Apple Music, Spotify",10+,"SA House/Deep House, Hip-Hop/Rap, Pop, Rock",Yes,A taxi/Uber driver or public setting,i heard it inside a uber ride,My streaming app's recommendations/algorithm,4,sometimes i like it recommending music sometimes i just want to listen to my own music,No,,ask if i would like to listen to new music,you cant find them,25-34,Gauteng
01/08/2026 14:20:22,Yes,Yes,"Apple Music, YouTube Music, Spotify, YouTube",10+,"Amapiano, SA House/Deep House, Hip-Hop/Rap, Afrobeats, Gospel",Yes,My streaming app's recommendations/algorithm,I started playing a amapiano song i love then i ended up in an artist song i ended up liking.,My streaming app's recommendations/algorithm,6,it always gives me music that i like listening to.,Not sure,,,They have one song thats good then after they have boring songs.,18-24,Gauteng
01/08/2026 14:21:18,Yes,Yes,"Apple Music, YouTube Music, Spotify, YouTube",10+,"Amapiano, SA House/Deep House, Afrobeats, Gospel",Yes,My streaming app's recommendations/algorithm,I was  listening to this other artist and happened to play next and that’s when I discovered ,"Social media (TikTok, Instagram, etc.)",6,Because I get the music I like most,No,N/A,To let them play my favourite songs ,Nothing at all,25-34,Gauteng
01/08/2026 14:21:28,Yes,Yes,"YouTube Music, Spotify, YouTube",2-5,"Amapiano, Hip-Hop/Rap, Gospel, Pop",Yes,"Social media (TikTok, Instagram, etc.)",I saw a clip of the song on TikTok and went on to my YouTube music to search the song and artist.,"Social media (TikTok, Instagram, etc.)",6,Usually when playing a song you would get a playlist with similar songs after it.,No,,Alert me when my favorite artists drop new music and recommend other artists with the same sound as my favorite artists.,They release new music after a long time.,18-24,Eastern Cape
01/08/2026 14:21:40,Yes,Yes,"Apple Music, YouTube Music, Spotify, YouTube",5-10,"Amapiano, SA House/Deep House, Hip-Hop/Rap, Afrobeats, Pop",Yes,My streaming app's recommendations/algorithm,I was busy streaming music on my Spotify when i stumbled across a song that auto played it self that i had not noticed.,My streaming app's recommendations/algorithm,7,It is extremely well because my streaming service plays and recommends songs that are within the same category like amapiano but also new releases,Not sure,N/A,To auto play songs randomly without me getting into the app. And use the time im most active in using that app,Their release dates often is very long,25-34,Gauteng
01/08/2026 14:21:44,Yes,Yes,"Apple Music, YouTube Music, Spotify, YouTube",10+,"Amapiano, Gqom, Gospel",Yes,My streaming app's recommendations/algorithm,I was steaming music through you tube then the search bar suggested this artist.,My streaming app's recommendations/algorithm,7,Because I get everything I want and it easy to use it.,Yes,I don't like because it not real people fake that they can Singa but they are using AI and fail to perform the song.,"
Amapiono",It not easy to understand them,35-44,Kwa Zulu Natal
01/08/2026 14:21:51,Yes,Yes,"Apple Music, Deezer, Spotify, YouTube",5-10,"Amapiano, SA House/Deep House, Hip-Hop/Rap, Afrobeats, Gospel, Pop, Rock",Yes,My streaming app's recommendations/algorithm,I went to the Trending Now section and I found an amazing compilation of new artists.,My streaming app's recommendations/algorithm,5,"It can do better, but it's good enough to meet my requirements.I need an app that'll be spot on all the time.",No,,That would be a wonderful app. Yes I would use it.,Hoping they aren't using AI to make music. ,45+,Gauteng
01/08/2026 14:21:53,Yes,Yes,"YouTube Music, YouTube",5-10,"Amapiano, SA House/Deep House, Gospel",Yes,"Social media (TikTok, Instagram, etc.)",I was on tiktok and someone was dancing to a song by him.,My streaming app's recommendations/algorithm,7,Everytime I play a song I see artists or songs I want to listen to,No,,"Not sure,have not thought about it",Consistency ,25-34,Gauteng
01/08/2026 14:22:21,Yes,Yes,"YouTube Music, Spotify",2-5,"Amapiano, SA House/Deep House, Gqom, Hip-Hop/Rap, Afrobeats, Gospel, R&B",Yes,"Social media (TikTok, Instagram, etc.)","I was scrolling through TikTok and someone had attached a song to their video. Spotify is linked to TikTok, so I was able to save the song to my Spotify account to listen to later.","Social media (TikTok, Instagram, etc.)",5,Sometimes a song or two are not what I would listen to. It feels like they sneak in something totally different to see if I would like it.,No,,Nothing,You have to prove that it is not AI generated.,35-44,Gauteng
01/08/2026 14:22:27,Yes,Yes,"Apple Music, Deezer, YouTube Music, Spotify, YouTube",10+,"Amapiano, SA House/Deep House, Gqom, Hip-Hop/Rap, Afrobeats, Gospel",Yes,My streaming app's recommendations/algorithm,through Spotify shuffle,"Social media (TikTok, Instagram, etc.)",7,The streaming app recommendation's are cool because they know your taste and introduce you to new artists,No,n/a,To recommend new artist and their hit songs to me,understanding him or her and their style,18-24,Gauteng
01/08/2026 14:22:33,Yes,Yes,"YouTube Music, Spotify",5-10,"Amapiano, SA House/Deep House, Hip-Hop/Rap, Gospel",Yes,"Social media (TikTok, Instagram, etc.)",i saw his clip on facebook ,"Social media (TikTok, Instagram, etc.)",7,streaming app recommendation always recomemend the latest songs,No,,,getting to know their singing styles,25-34,Western Cape
01/08/2026 14:22:45,Yes,Yes,"Apple Music, YouTube Music, Spotify",<2,"Amapiano, Hip-Hop/Rap, Afrobeats",Yes,"Social media (TikTok, Instagram, etc.)",I was on tiktok scrolling then I came across a video with a music sound that I loved,"Social media (TikTok, Instagram, etc.)",5,The algorithms are always unmatched to sounds that I love but sometimes they align,No,,Create music from 1 genre that I enjoy listening to,They quickly stay out of tune after releasing a good song,25-34,Kwa Zulu Natal
01/08/2026 14:22:52,Yes,Yes,"YouTube Music, Spotify, YouTube",5-10,"Amapiano, SA House/Deep House, Gqom, Hip-Hop/Rap, Afrobeats, Gospel",No,"Social media (TikTok, Instagram, etc.)","The last time I found a new artist I loved, it happened through a random recommendation while I was listening to music online. One song caught my attention, and I ended up listening to more of the artist's music. I liked their unique style and meaningful lyrics, so I added several of their songs to my playlist. Since then, they've become one of my favorite artists.",My streaming app's recommendations/algorithm,6,It always recommend what I like,No,,"I'd want an AI assistant to recommend new artists and songs based on what I already enjoy. It could also let me know when my favorite artists release new music, explain the meaning behind lyrics, create playlists for different moods, and suggest concerts or events happening nearby. It would also be helpful if it could share interesting facts about artists and help me discover music from different genres and cultures.",,25-34,Gauteng
01/08/2026 14:22:52,Yes,Yes,"Apple Music, YouTube",2-5,"Amapiano, SA House/Deep House, Afrobeats, Gospel",No,My streaming app's recommendations/algorithm,it was a recommendation from youtube,My streaming app's recommendations/algorithm,7,"the recommendation was great , i always listen and love the artists",No,,give the best recommendation as per my taste of music,"nothing, I love new artists",35-44,Gauteng
01/08/2026 14:22:54,Yes,Yes,"YouTube Music, Spotify, YouTube",5-10,"SA House/Deep House, Hip-Hop/Rap",Yes,My streaming app's recommendations/algorithm,"It was a song I knew, but I didn't know the artists name, so I clicked and listened to more",A friend or family member playing it for me,6,"It does recommend stuff I don't normally listen to, but only sometimes",No,,"Find me music from the artists that I like only, even old ones are fine","If they have few likes, they show up too little on my timeline",25-34,Gauteng
01/08/2026 14:23:04,Yes,Yes,"Apple Music, YouTube Music, Spotify",5-10,"Amapiano, SA House/Deep House, Gqom, Hip-Hop/Rap, Afrobeats",Yes,A taxi/Uber driver or public setting,"I took an Uber, and he was playing amapiano, so I asked him to share it with me,","Social media (TikTok, Instagram, etc.)",6,"When I listen to local music, I am always impressed by the streaming selections on offer",No,I responded no,I would want it to specifically give me Cape Town beats,It is hard to find them on music apps,45+,Western Cape
01/08/2026 14:23:22,Yes,Yes,"YouTube Music, Spotify, YouTube",10+,Gospel,No,"Social media (TikTok, Instagram, etc.)",I was scrolling through tiktok when I had a song playing in the reels and I searched in youtube and started listening,A friend or family member playing it for me,6,"Whenever i play SA music, I useually get SA music in recommends",No,,"I would love to get recommendations of trending, popular and new music",There is less marketing on thei released music and as a result you might miss some projects.,25-34,Eastern Cape
01/08/2026 14:23:43,Yes,Yes,"YouTube Music, Spotify, YouTube",10+,"Amapiano, SA House/Deep House, Hip-Hop/Rap, Afrobeats, Gospel, Pop",Yes,My streaming app's recommendations/algorithm,I got a recommendation from Spotify about the new artist,My streaming app's recommendations/algorithm,5,Sometimes they recommend music that I dont like that much,No,,Recommend new music according to my selected genres ,Sometimes they drop one album or single and dissappear for long ,35-44,Gauteng
01/08/2026 14:24:05,Yes,Yes,"Deezer, YouTube Music, Spotify",10+,"Amapiano, SA House/Deep House, Afrobeats",Yes,My streaming app's recommendations/algorithm,It was a playlist i found on Spotify that i found out of a new artist,My streaming app's recommendations/algorithm,7,The definitely play music that falls in my genre,No,N/A,Compile a playlist that has a mix of my musical genres,"There is nothing hard about following them, if they are good, why not follow them",35-44,Gauteng
01/08/2026 14:24:06,Yes,,YouTube Music,5-10,"SA House/Deep House, Hip-Hop/Rap, Pop",No,"Social media (TikTok, Instagram, etc.)","I found a new artist I loved, it happened like this..."" which is a common introductory hook used on social media platforms like TikTok or Instagram Reels when sharing a video discovery of an independent musician or new song.","Social media (TikTok, Instagram, etc.)",6,give good recommendations ,No,N/A,show me similar artist im in to,most dont last,25-34,Western Cape
01/08/2026 14:24:16,Yes,Yes,"Spotify, YouTube",10+,"Amapiano, SA House/Deep House, Gqom, Hip-Hop/Rap, Gospel",Yes,My streaming app's recommendations/algorithm,I was listening to my favorite artist and coincidentally an advert came with a new artist that I haven't heard of before.,"Social media (TikTok, Instagram, etc.)",6,There has never been a recommendation that I didn't enjoy.,No,Haven't used any.,To help me find every am piano song that is a hit at the moment.,"That they are not recognized yet, and when you are looking for a certain song or artist among your circle is hard to find it. ",35-44,Gauteng
01/08/2026 14:24:22,Yes,Yes,"Spotify, YouTube",2-5,"SA House/Deep House, Hip-Hop/Rap",Yes,"Social media (TikTok, Instagram, etc.)",I was streaming for music and scrolling on youtube,"Social media (TikTok, Instagram, etc.)",6,My streaming platforms compiles playlists with new artists,Not sure,,Compile a nice playlists with new artists,Getting used to a new sound,35-44,Gauteng
01/08/2026 14:24:31,Yes,Yes,"YouTube Music, Spotify",10+,"Amapiano, Afrobeats, Gospel, Pop",Yes,"Social media (TikTok, Instagram, etc.)",One of my favorite influencers used the song on of their videos ,"Social media (TikTok, Instagram, etc.)",6,They often recommended songs that are similar to the ones i play everyday and mostly its good songs ,No,,Help me organize my music playlist because i often listen to different genre at the same time,They don't last in the industry and not consistent,45+,North West
01/08/2026 14:25:27,Yes,Yes,"Apple Music, YouTube Music, Spotify, YouTube",5-10,"Amapiano, SA House/Deep House, Hip-Hop/Rap, Afrobeats, Gospel",Yes,"Social media (TikTok, Instagram, etc.)",I went online and searched them through and started streaming their most played songs,My streaming app's recommendations/algorithm,7,I always get recommendations on my most favorite artists,No,,Put all my favorite and potential favorite music in one playlist,they mostly back down just when you start loving their music,25-34,Mpumalanga
01/08/2026 14:25:29,Yes,Yes,"YouTube Music, Spotify, YouTube",10+,"Amapiano, SA House/Deep House, Gqom, Gospel",Yes,"Social media (TikTok, Instagram, etc.)",from tiktok went to youtube ato listen ,My streaming app's recommendations/algorithm,7,I listen to music as a background while doing other things and I do not make a playlist I allow the platform I am to curate the playlist,No,,Give me new artist that are not mainstream but I would love as they are similar to what I listen,They are one time hit wonders its as if we do not have music writers .,45+,Western Cape
01/08/2026 14:27:19,Yes,Yes,"YouTube Music, Spotify",2-5,"Amapiano, Hip-Hop/Rap, Afrobeats, Pop",No,"Social media (TikTok, Instagram, etc.)","I heard a trending song on tiktok and I liked it, I searched for the artist who sang the song.","Social media (TikTok, Instagram, etc.)",5,I don't think my apps recommendation really understand my taste because I listen to different genres everytime.,No,,recommend me new music based on the genres I listen to.,They take time to release new music.,25-34,Gauteng
01/08/2026 14:28:08,Yes,Yes,"Apple Music, YouTube Music, Spotify",10+,"Amapiano, SA House/Deep House, Hip-Hop/Rap, Gospel",Yes,"Social media (TikTok, Instagram, etc.)","I was scrolling on TikTok, heard a track that caught my attention, then searched it on Spotify and started following the artist.",My streaming app's recommendations/algorithm,5,"The app sometimes gets it right with Amapiano and SA house, but often mixes in international artists I don’t follow. It’s good but not perfect.",Yes,"AI playlists are useful for discovering new songs, but they can feel repetitive. I’d like them to be more tuned to local genres.","Help me find new South African artists faster, recommend live gigs nearby, and create playlists that mix local and global sounds.","They don’t always show up on streaming platforms right away, and it’s hard to keep track of their releases unless you follow them closely on social media.",25-34,Gauteng
01/08/2026 14:28:24,Yes,Yes,"YouTube Music, Spotify, YouTube",5-10,"Amapiano, Hip-Hop/Rap, Afrobeats, Pop, Rock, RNB",Yes,"Social media (TikTok, Instagram, etc.)",I WAS JUST SCROLLING ON TIK TOK AND HEARD A SONG THAT I LIKED THEN SEARCHED THE ARTIST,A taxi/Uber driver or public setting,6,I NORMALLY GET RECOMMENDATION OF THE SONGS SIMILER TO THE ONES I SEARCH,Not sure,NA,BE ABLE TO PICK ALL THE SIMILER SONGS THAT I SEARCHED FOR AND ASK IF WANT THE RECOMMENDATION OR IT SHOULD SKIP IT,BECAUSE THEIR SONGS ARE NORMALLY NOT PLAYED ENOUGH ON THE RADIO OR PROMOTED ENOUGH,35-44,Kwa Zulu Natal
01/08/2026 14:36:35,Yes,Yes,"Deezer, YouTube Music, Spotify, YouTube",2-5,"Amapiano, SA House/Deep House, Gqom",Yes,My streaming app's recommendations/algorithm,I was looking for a song to listen to that when the Spotify algorithm played an ads of that new artist ,My streaming app's recommendations/algorithm,5,Because it always recommends new south African music .,No,,Recommend me new music or artist or lyrics. ,Their music it tends to bore you after some time then you end up looking for a new artist ,18-24,Gauteng
01/08/2026 14:40:46,Yes,Yes,"YouTube Music, Spotify",10+,"Amapiano, SA House/Deep House, Gqom, Hip-Hop/Rap",Yes,My streaming app's recommendations/algorithm,"I was preparing for a gig - a deep house gig, and I came across a track called Sugar Sugar that fit the description perfectly. I loved it from the beginning until the end, and it has become a core track in most of my listening times and deep house playlists.",My streaming app's recommendations/algorithm,7,YouTube music is great at suggesting tracks that are either nostalgic or new. I love the way the algorithm surprises me sometimes.,No,.,"I would want it to create a playlist or mix for me to listen to each morning or each week, with me selecting the genre of music and asking the AI to either surprise me with new stuff or keep things nostalgic with music I already know.","Most South African artists are underrated for exposure reasons. The platform for artists is not habitable for newcomers, and they are often drowned amongst the larger names. The talent still exists though, that is why I am glad that algorithms exist that help me discover these new artists.",25-34,Eastern Cape
01/08/2026 14:43:50,Yes,Yes,"Apple Music, Deezer, YouTube Music, Spotify, YouTube",2-5,"Amapiano, SA House/Deep House, Afrobeats, Gospel, Jazz",No,"Social media (TikTok, Instagram, etc.)",I cane accriss their song on tiktok,"Social media (TikTok, Instagram, etc.)",1,They always blunder when playing songs randomly ,No,,Be able to organise like music,"They play alot of computer music, it is not good enough",45+,Limpopo
01/08/2026 14:44:56,Yes,Yes,"Apple Music, YouTube Music, Spotify, YouTube",5-10,"Amapiano, SA House/Deep House, Hip-Hop/Rap, Afrobeats, Gospel, Pop",Yes,A taxi/Uber driver or public setting,I was in an uber going out and the driver was playing music,"Social media (TikTok, Instagram, etc.)",5,I am usually recommended music I end up liking,No,,recommend music that aligns with my taste,inconsistency,18-24,"Mpumalanga, Limpopo"
01/08/2026 14:58:48,Yes,Yes,"YouTube Music, YouTube",2-5,"Amapiano, SA House/Deep House, Hip-Hop/Rap, Afrobeats, Pop",No,"Social media (TikTok, Instagram, etc.)",,A radio station or DJ,5,Sometimes it doesn’t recommend well,No,,To recommend good taste ,They are not creativr,35-44,Gauteng
02/08/2026 12:18:07,Yes,Yes,"YouTube Music, Spotify",2-5,"Pop, Rock, Hyperpop",Yes,"Social media (TikTok, Instagram, etc.)","I saw a short clip of their music on tik tok and I thought it sounded good
",My streaming app's recommendations/algorithm,3,I dont listen to rap music in general and a majority of the music i get recommended is South African rap,Yes,It was subpar at recommending songs,"I dont particularly think we need AI assistants in music fandoms, just better algorithms",Its very hard to discover them in the first place,18-24,Kwa Zulu Natal
02/08/2026 12:18:09,Yes,Yes,"Apple Music, YouTube Music, Spotify, YouTube",5-10,"Amapiano, SA House/Deep House, Hip-Hop/Rap, Afrobeats, Pop",Yes,"Social media (TikTok, Instagram, etc.)",Watched them on tiktok,"Social media (TikTok, Instagram, etc.)",5,I grew up in South Africa so I love it ,Not sure,,A beat or some lyrics to make up in the song ,Watching them being compared to people in the industry ,18-24,Kwa Zulu Natal
02/08/2026 12:18:15,No,Yes,YouTube Music,5-10,"SA House/Deep House, Afrobeats, Pop, Rock",No,A friend or family member playing it for me,a family member sent me some music links to listen to,A friend or family member playing it for me,2,i have to search for it rather than it being intuitive,Not sure,,new suggestions and current trends,it not being easy to access broadly,45+,Western Cape
02/08/2026 12:18:53,Yes,Yes,"YouTube Music, Spotify, YouTube",2-5,"Amapiano, Afrobeats, Pop, rnb",No,"Social media (TikTok, Instagram, etc.)",It was a through a tiktok trend,A radio station or DJ,6,It's never too far from what I'm used to,No,,nothing really,They don't promote themselves enough,18-24,North West
02/08/2026 12:19:37,Yes,Yes,"Apple Music, Deezer, YouTube Music, Spotify",10+,"Amapiano, SA House/Deep House, Gqom, Hip-Hop/Rap, Afrobeats, Gospel, Pop, Rock",Yes,My streaming app's recommendations/algorithm,Yes,My streaming app's recommendations/algorithm,7,Because they always update me with new music ,Yes,They provide some playlist ,Amapiano,Mizo Phyll,35-44,Limpopo
02/08/2026 12:20:33,Yes,Yes,"Apple Music, YouTube Music",5-10,Gospel,Yes,My streaming app's recommendations/algorithm,"I normally play a son and then youtube music creates a playlist for me, so as I was listening I heard new music and went on to check who was the artist. When I got the artist name I went on to search for her whole album","Social media (TikTok, Instagram, etc.)",6,If I listen to one SA artirst the app will automatically create a playslist with the same genre and local music ,No,N/A,Paly the lys=rics in all songs without me searching ,Understanding their lyrics and the album topic ,25-34,Gauteng
02/08/2026 12:22:14,Yes,Yes,"Apple Music, YouTube Music, Spotify, YouTube",2-5,"Afrobeats, Pop, Rock",Yes,"Social media (TikTok, Instagram, etc.)",I heard of a song on twitter and then looked them up on youtube and liked their discography.,"Social media (TikTok, Instagram, etc.)",5,It suggests similar music to the ones I listen to but not always. Most of the time it sugests already popular music.,No,,Suggests music to my taste.,Nothing.,25-34,Eastern Cape
02/08/2026 12:22:19,Yes,Yes,"Deezer, YouTube Music, YouTube",,"Amapiano, SA House/Deep House, Hip-Hop/Rap, Afrobeats, Gospel",Yes,A taxi/Uber driver or public setting,I was in an Uber travelling and the driver's playlist was similar to my vibe but then I  heard a lot of songs that I listen to then there is one that I did not recognise but really enjoyed.,"Social media (TikTok, Instagram, etc.)",5,I gave it a five cause I feel it just depends on what genre I played in that month or week so recommendations can be a bit off sometimes but get it right most of the time.,No,,"Maybe recommend more of the music genre that I like based on similar vibe, not just artists I listen to mostly.",I feel like they sometimes get lost in trying to fit into every genre instead of focusing on one that people like more. There is so much growth in sticking to what people love you for in the beginning.,25-34,Gauteng
02/08/2026 12:22:34,Yes,Yes,"YouTube Music, Spotify, YouTube",10+,"Amapiano, SA House/Deep House, Hip-Hop/Rap, Afrobeats, Gospel, Pop, R&B",Yes,My streaming app's recommendations/algorithm,I was listening to new recommendations,"Social media (TikTok, Instagram, etc.)",7,I follow trendings songs and also discover old songs ,Yes,not quite good the only good AI is DJ X on spotify it is good on shuffling songs and playing songs that I like ,Be a DJ and play songs that I like and also use that to play songs that I might like,I dont know,25-34,Limpopo
02/08/2026 12:22:46,Yes,Yes,"YouTube Music, YouTube",2-5,"Amapiano, SA House/Deep House, Hip-Hop/Rap, Afrobeats, Gospel, Pop, Rock",Yes,"Social media (TikTok, Instagram, etc.)",Someone posted people dancing to the song on WhatsApp.,"Social media (TikTok, Instagram, etc.)",5,My taste in music is very broad. I prefer music that sounds good in my ears versus one great artist (although I do tend to go back to an artist whose music I enjoyed with hopes of discovering new favourites). I think YouTube and YouTube Music has a great hold on the type of music that gives me goosebumps and tends to lean to recommending me that type of music well.,No,,Recommend more of the type of music I enjoy.,Finding their music and waiting on them to release more.,25-34,Gauteng
02/08/2026 12:23:07,Yes,Yes,"Deezer, Spotify, YouTube",10+,"Amapiano, SA House/Deep House, Gqom, Hip-Hop/Rap, Afrobeats, Gospel, Pop",Yes,"Social media (TikTok, Instagram, etc.)",I saw his music on TikTok ,"Social media (TikTok, Instagram, etc.)",7,I always find music that I like,Yes,I asked AI to recommend new songs and new artists for me,Keep me updated if and when my favorite artist has a new song,They are not yet popular so their music is not played a lot,35-44,Gauteng
02/08/2026 12:23:10,Yes,Yes,"Apple Music, Deezer, YouTube Music, Spotify, YouTube",10+,"Amapiano, SA House/Deep House, Gqom, Hip-Hop/Rap, Afrobeats, Gospel, Pop",Yes,My streaming app's recommendations/algorithm,through my streaming as a suggested music,My streaming app's recommendations/algorithm,7,very well because i don't really search for my local favourite i just find them when i browse,Yes,yes but i feel the creativity is not to be compared with non AI music,yes,understanding their genre,35-44,Gauteng
02/08/2026 12:23:24,Yes,Yes,"Apple Music, YouTube Music, Spotify, Audiomack, YouTube",10+,"Amapiano, SA House/Deep House, Gqom, Hip-Hop/Rap, Afrobeats, Gospel, Pop, Rock",Yes,"Social media (TikTok, Instagram, etc.)","I was scrolling on TikTok as usual when l came across a restaurant review video with a background song that l was instantly drawn to but didn't recognize. l had never heard of the song in question, or the artist. I decided to click on the sound and discovered the song name and artust, headed straight to YouTube, and the rest is history.","Social media (TikTok, Instagram, etc.)",7,"My recs on the streaming platforms l frequent align perfectly with what and whom l listen to the most, as well as new music that still aligns with my taste.",Yes,"Just the same as normal, but more precise.",Show me new music from the artists l typically listen to.,"They hadn't gained much traction and following at that stage, and getting other people to give them a chance can be diffcult.",25-34,Gauteng
02/08/2026 12:23:31,Yes,Yes,"Apple Music, Deezer, YouTube Music, Spotify, YouTube",10+,"Amapiano, SA House/Deep House, Gqom, Hip-Hop/Rap, Gospel, Pop, Rock",Yes,My streaming app's recommendations/algorithm,I allowed spotify to create a playlist for me based on previous songs I listened too and that how I found a new artist.,My streaming app's recommendations/algorithm,5,Sometimes it recommends artists/genres that I am not fond of,Not sure,I havent used an AI powered music feature yet.,I would liked it to know and understand my music tastes and recommend songs based on how I am feeling on that specific day.,understanding what they say.,25-34,Western Cape
02/08/2026 12:23:50,Yes,Yes,"YouTube Music, Spotify",10+,"Amapiano, Gqom, Gospel",No,A friend or family member playing it for me,i came across them through spotify suggested and thats where it all started,A friend or family member playing it for me,6,i trust it cause it has learnt my music taste,No,,make a flowing playlist,their music may start bad,25-34,Kwa Zulu Natal
02/08/2026 12:23:57,Yes,Yes,"Spotify, YouTube",10+,"SA House/Deep House, Gospel, soul music",Yes,A radio station or DJ,"It was Sunday, and playing on the Metro FM station, I fell in love with the music","Social media (TikTok, Instagram, etc.)",7,"They always deliver what I love concerning music, and even suggest other artist of the same genre",No,,,,25-34,Gauteng
02/08/2026 12:24:14,Yes,Yes,"Spotify, Audiomack, YouTube",10+,"Amapiano, SA House/Deep House, Hip-Hop/Rap, Gospel, Pop, RNB",Yes,My streaming app's recommendations/algorithm,The AI DJ called DJ X on Spotify recommended me when I was playing using the DJ feature,My streaming app's recommendations/algorithm,7,The DJ X feature checks the kind of music I listen to mostly and recommends according to what I play most of the time,Yes,It is a game changer since you can tailor all the music it plays according to what you prefer and indicate some to omit and to add more of your style,To play back-to-back music according to my taste and recommend any new artists or songs based on my personal preference ,The quality of the songs at times is not so good and some songs are not on other streaming plartforms,25-34,Gauteng
02/08/2026 12:24:15,Yes,Yes,"YouTube Music, Spotify, YouTube",10+,"SA House/Deep House, uMaskandi",Yes,My streaming app's recommendations/algorithm,their song was added to the queue on youtube music,My streaming app's recommendations/algorithm,7,it always gives me great music,No,,keep 1 genre playing,they dont release new music as often,18-24,Gauteng
02/08/2026 12:24:43,Yes,Yes,YouTube,<2,"Amapiano, Hip-Hop/Rap, Gospel, Pop",Yes,A friend or family member playing it for me,I was listening to music with my partner on a trip somewhere and I heard something that touched my soul and immediately started asking questions about it.,A friend or family member playing it for me,4,"I don't spend too much time on my music apps, once I hear something I like I listen to it together with my top favorites, and that list can be very small. ",Not sure,I did surveys on some AI music and some of them were truly amazing. Sometimes some of these songs pop into my head when im doing something random.,To help me stay in touch with my fans in a way that makes them feel appreciated and interested in.,They need more marketing and exposure so people can subconsciously fall in love with them by getting exposed to their music.,25-34,Limpopo
02/08/2026 12:26:15,Yes,Yes,"YouTube Music, Spotify, YouTube",10+,"Amapiano, Gospel, Pop, Umaskadi",No,My streaming app's recommendations/algorithm,I was just streaming music on YouTube music ( maskandi) randomly this one song played and I just loved it and the artist ,"Social media (TikTok, Instagram, etc.)",6,I rated 6 because I feel like YouTube music understands my taste very well but other platforms like Spotify still need some improvements ,No,,"I wouldn’t want to be assisted by AI especially when it comes to music. Music is too personal for me and makes me have real emotions so using something that does not have real emotions like AI, wouldn’t work for me",They use AI for their music ,25-34,Gauteng
02/08/2026 12:26:38,Yes,Yes,"Apple Music, YouTube Music, Spotify, YouTube",10+,"Amapiano, SA House/Deep House, Gqom, Hip-Hop/Rap, Afrobeats",Yes,My streaming app's recommendations/algorithm,I found It online ,My streaming app's recommendations/algorithm,7,I am always pleased with the selections done by You Tube i can listen the whole day ,Yes,I find it very use full  and convenient to let AI do the thinking ,To find all off the hidden gems and oldies tracks that can take me back,They are very limited in their genres that the perform in ,25-34,Gauteng
02/08/2026 12:26:39,Yes,Yes,"YouTube Music, Spotify, YouTube",10+,"Amapiano, SA House/Deep House",Yes,My streaming app's recommendations/algorithm,I found a new artist through algorithm,My streaming app's recommendations/algorithm,7,I choose this rate due to the fact that the algorithm understands my taste of music .,Yes,"AI radio or playlists often feel tailored, quickly picking up on your listening habits and serving tracks that match your mood or genre preferences.",Go beyond mainstream playlists and surface underground or emerging South African artists across genres like amapiano etc.,"Algorithms tend to recycle popular names, making it harder to stumble upon fresh talent organically.",45+,Gauteng
02/08/2026 12:26:53,Yes,Yes,"Apple Music, YouTube Music, Spotify",2-5,"Amapiano, SA House/Deep House, Afrobeats, Gospel",Yes,My streaming app's recommendations/algorithm,algorithm help me to find best artist most of the time,My streaming app's recommendations/algorithm,7,,No,,to find good artist on music,,25-34,Western Cape
02/08/2026 12:27:17,Yes,Yes,"Deezer, Spotify, YouTube",2-5,"Amapiano, SA House/Deep House, Hip-Hop/Rap, Afrobeats, Gospel, Pop, Rock",Yes,"Social media (TikTok, Instagram, etc.)","I was browsing through tik tok then the next video i saw was of the new artist, and i enjoyed their music","Social media (TikTok, Instagram, etc.)",6,because they always have great recommendations,No,,to create playlists for me,some of them are one hit wonders,25-34,Kwa Zulu Natal
02/08/2026 12:27:20,Yes,Yes,"YouTube Music, Spotify, YouTube",5-10,"Amapiano, SA House/Deep House, Hip-Hop/Rap, Afrobeats, Gospel",Yes,"Social media (TikTok, Instagram, etc.)",I saw a clip-on TikTok and the song stuck in my head. Checked their page and loved everything.,"Social media (TikTok, Instagram, etc.)",4,"It's alright. Gets some SA music right, but could do better with local recommendations.",No,,Notify me when my favorite SA artists drop new music and suggest similar local artists.,It's hard to know when they release new music or where they're performing.,35-44,Gauteng
02/08/2026 12:27:20,Yes,Yes,"Apple Music, YouTube Music, Spotify, YouTube",5-10,"Amapiano, Hip-Hop/Rap, Pop",Yes,"Social media (TikTok, Instagram, etc.)","I was scrolling through TikTok  and I heard a sound used by one of the creators I follow. It sounded nice so I clicked on the sound, found the name of the song and looked for it on YouTube. I liked the song so I checked other songs by the artist and I liked most of the artist's songs.","Social media (TikTok, Instagram, etc.)",5,"Whenever I listen to a south African artist's song on streaming apps, especially YouTube,the algorithm recommmends me numerous songs with the same vibe or artist which I find myself enjoying.",Yes,I used DJ X on spotify and it recommends many of the songs I love and listen to a lot.,"I would want it to recommend a wide range of genres and artists, not only the genres and artists I already listen to.",Getting exposure and breaking into the mainstream.,18-24,Gauteng
02/08/2026 12:27:24,Yes,Yes,"Apple Music, Spotify, YouTube",2-5,"Amapiano, SA House/Deep House, Maskandi",Yes,"Social media (TikTok, Instagram, etc.)",Scrolling reels on Instagram ,"Social media (TikTok, Instagram, etc.)",5,It always recommend what I usually play most,No,,Comply play weekly play list but different genres and more of latest music ,"Not very active on national or local radios, some don't even active on socials. Which make it hard to keep up with their good music ",35-44,Kwa Zulu Natal
02/08/2026 12:27:37,Yes,Yes,"Apple Music, YouTube Music, Spotify",10+,"Amapiano, Gqom, Hip-Hop/Rap",Yes,My streaming app's recommendations/algorithm,,My streaming app's recommendations/algorithm,7,it gets what is popping in the  area,No,,nothing,consistency,18-24,Limpopo
02/08/2026 12:28:01,Yes,Yes,"Deezer, YouTube Music, Spotify, YouTube",5-10,"Amapiano, SA House/Deep House, Hip-Hop/Rap, Gospel, oldschool",Yes,"Social media (TikTok, Instagram, etc.)",i was scrolling through social media and a video popped. A song i didnt know and loved it immediately. I then searched for it,"Social media (TikTok, Instagram, etc.)",6,"they always group music together of the genre i love, oldschool. Its my gavorite and its always somgs i like that they group together. ",No,,automatically tell me when an artist i love has a new release,You never know if its a song you will like or not. Some make good and bad music. ,25-34,Kwa Zulu Natal
02/08/2026 12:28:02,Yes,Yes,"Spotify, YouTube",5-10,"Amapiano, Hip-Hop/Rap, Afrobeats, Gospel",Yes,My streaming app's recommendations/algorithm,The artist was in one of the recommended playlists I was listening to,"Social media (TikTok, Instagram, etc.)",4,"Spotify does better at understanding my taste, but for other platforms, it seems like the algorithm struggles to understand the genre works or the artists represented ",Yes,"In the beginning, it feels a bit unstable, and we're trying to get to know each other, but after some time the AI eventually gets a hang of my taste","Learn my taste to the core, understand it, and recommend relevant music, including new music that is likely very similar to what I have. Also, recommending music events tailored to my taste would be great.",They usually just have one or a handful of great music. Not much variety,25-34,Gauteng
02/08/2026 12:28:06,Yes,Yes,"YouTube Music, Spotify, YouTube",5-10,"Amapiano, SA House/Deep House, Gqom, Gospel",Yes,"Social media (TikTok, Instagram, etc.)",I was streaming on ticktock then I came across this new amapiano artist by the name of Danpop,"Social media (TikTok, Instagram, etc.)",7,I feel extremely good because technology is taking over so the best way to promote music is through social media ,Yes,The experience was quite interesting because it gave me a place to edit the music beat also,Give fans a chance to add their own beat to their music,The competition is too high so it's not easy to be recognized ,25-34,Gauteng
02/08/2026 12:28:28,Yes,Yes,"Apple Music, YouTube Music, Boomplay, Spotify, YouTube",5-10,"Amapiano, Hip-Hop/Rap, Afrobeats, Gospel, Pop",Yes,My streaming app's recommendations/algorithm,"The last time I found a new artist I loved, Spotify recommended one of their songs in a playlist. I saved it, listened to more of their music later that day, and ended up adding several tracks to my favorites. It felt like discovering something completely new that matched my taste perfectly.",My streaming app's recommendations/algorithm,5,"The recommendations are usually relevant and introduce me to artists I enjoy, but they sometimes repeat the same popular songs instead of suggesting more independent or emerging South African musicians.",Yes,"I've used AI-generated playlists and radio stations. They generally match my mood and listening habits, and I've discovered a few artists through them. However, they can become repetitive after a while and don't always surface lesser-known local talent","I'd like it to recommend new independent South African artists based on my listening habits, notify me about new releases and concerts, explain the meaning or background of songs, and create playlists that mix popular tracks with hidden gems.","Finding them in the first place. Many talented artists don't get much exposure, so it takes time to discover new music unless someone recommends it or it appears in a playlist.",35-44,Western Cape
02/08/2026 12:28:32,Yes,Yes,"Apple Music, YouTube Music, Spotify",5-10,"Amapiano, Hip-Hop/Rap, Afrobeats, Gospel",Yes,My streaming app's recommendations/algorithm,I got a reccomendation on my apple music,My streaming app's recommendations/algorithm,6,It fully understands my interests ,Yes,Mostly for discovering new music ,To keep me up to date with projects my favourite artists have,Them not being known and being hard to find them,18-24,"Gauteng, Mpumalanga"
02/08/2026 12:28:38,Yes,Yes,"Apple Music, YouTube Music, Spotify, YouTube",2-5,"Amapiano, SA House/Deep House, Gqom, Afrobeats, Gospel",Yes,"Social media (TikTok, Instagram, etc.)",I was scrolling on TikTok and I came across the artist,"Social media (TikTok, Instagram, etc.)",7,Most of the music is the genres I like the most,Yes,I find ai very interesting when it comes to music ,Release a whole album and earn from it ,Their music fades very quickly ,25-34,"Kwa Zulu Natal, Gauteng"
02/08/2026 12:28:39,Yes,Yes,"YouTube Music, Spotify, YouTube",10+,"Amapiano, SA House/Deep House, Gqom, Gospel",Yes,"Social media (TikTok, Instagram, etc.)","I heard it on tiktok ,someone was playing it then I went to my Spirit app to search for it.",My streaming app's recommendations/algorithm,7,Its makes it is for me to get new music before I hear it from someone else.,No,N/A,N/A,There is no hardest part,25-34,Kwa Zulu Natal
02/08/2026 12:28:55,No,Yes,"Apple Music, YouTube Music, Spotify, YouTube",2-5,"Amapiano, SA House/Deep House, Hip-Hop/Rap, Gospel",Yes,A friend or family member playing it for me,was streaming on Spotify,"Social media (TikTok, Instagram, etc.)",6,it delivers to the core,No,NA,select my best music,they hardly release new music ,18-24,Gauteng
02/08/2026 12:29:24,Yes,Yes,"Apple Music, YouTube Music, Spotify, YouTube",10+,"Amapiano, SA House/Deep House, Hip-Hop/Rap, Afrobeats",Yes,"Social media (TikTok, Instagram, etc.)",I was scrolling on TikTok when I saw a post of a song by a new artist. I followed the artist and streamed their music.,My streaming app's recommendations/algorithm,6,"The music streaming app I use always seems to know what type of music I like. If I play certain music or an album, after the music is done, the app plays me music similar to the one I was playing.",No,I answered no.,I would want it to recommend me new music based on my music taste.,They don't have enough reach and visibility or even enough marketing budget to be able to be discovered quicker.,25-34,Gauteng
02/08/2026 12:29:26,Yes,Yes,"Apple Music, YouTube Music, Spotify",5-10,"Amapiano, Gqom, Pop",No,"Social media (TikTok, Instagram, etc.)",My niece where listening to a song by Giveon and I feel in love with the artist's music ever since ,"Social media (TikTok, Instagram, etc.)",7,The recommendations are usually good I can't complain but they tend to be boxed to mostly ama piano or afrobeats,No,,,They tend to be underrated alot or they get absorbed by the world and eventually die down almost like they were a season ,18-24,Gauteng
02/08/2026 12:29:39,Yes,Yes,"Apple Music, YouTube Music, Spotify, YouTube",10+,"Amapiano, Hip-Hop/Rap, Gospel, Pop",,"Social media (TikTok, Instagram, etc.)",I was. Scrolling on tik tok and i came through  someone using the song on their video,"Social media (TikTok, Instagram, etc.)",7,I always get new music through my streming service  recommendations.  Tyey know how to randomly create nice Playlist ,No,,Make sure it create playlist of music i will like  intriduce me to new artist ,Not funding them easy not having access to their  music easier ,25-34,Gauteng
02/08/2026 12:29:50,Yes,Yes,"Apple Music, Deezer, YouTube Music, Boomplay, Spotify, Audiomack, YouTube",5-10,"Amapiano, SA House/Deep House",Yes,My streaming app's recommendations/algorithm,"I discovered a new artist while listening to a curated playlist. The recommendations matched my preferences, so I explored more of their music and really enjoyed it.",My streaming app's recommendations/algorithm,6,"The recommendations usually reflect my music preferences quite well, especially for South African genres, although I would like to see more emerging and independent artists included.",Yes,"I've tried AI-powered playlists and radio stations, and they've been useful for finding songs and artists that suit my taste without needing to search manually.","I would like it to recommend up-and-coming South African artists, build playlists based on my mood, notify me about new releases, and suggest live performances or music events.","The biggest challenge is that many independent South African artists don't get enough exposure, making them harder to discover despite producing great music.",35-44,Western Cape
02/08/2026 12:29:52,Yes,Yes,"Apple Music, Spotify, YouTube",5-10,"Amapiano, SA House/Deep House, Hip-Hop/Rap",Yes,My streaming app's recommendations/algorithm,"I was in a party with my friends, I heard this song. I shazamed it on my phone, played it the whole day. Thanks to Shushi B",My streaming app's recommendations/algorithm,7,"Its as if my streaming apps know me, their recommendations?? Top notch!",,N/A,Create playlists for me.,They are not consistent at all.,45+,Gauteng
02/08/2026 12:30:08,Yes,Yes,"YouTube Music, Spotify",5-10,"Amapiano, SA House/Deep House, Afrobeats, Gospel, Pop, Rock",Yes,"Social media (TikTok, Instagram, etc.)",I saw someone's post with the song background. I checked it out and loved the artist since then.,"Social media (TikTok, Instagram, etc.)",5,I like some recommendations but not all,Yes,It's actually great but it make me feel less human.,Give more emotions Maybe ,You may like 1 song and don't like their rest,25-34,Kwa Zulu Natal
02/08/2026 12:31:06,Yes,Yes,"Apple Music, YouTube Music, Spotify",10+,"Amapiano, SA House/Deep House, Gqom, Gospel",No,"Social media (TikTok, Instagram, etc.)",,,5,"It sometimes recommends good amapiano as Afro pop artists I already like, but it misses newer SA artists and underground acts. Could do better with gqom and local playlists ",No,,Keep me updated ,It hard to know where to stream their music directly so the money actually goes to them ,18-24,Kwa Zulu Natal
02/08/2026 12:31:18,Yes,Yes,"Apple Music, YouTube Music, Spotify, YouTube",10+,"Amapiano, SA House/Deep House, Gqom, Hip-Hop/Rap",Yes,My streaming app's recommendations/algorithm,"I was listening consistently to hip hop of the same artist, I think, because the rap that I play is the same as the one for the artist I ended up recommending, for I found myself listening to that artist was recommended",My streaming app's recommendations/algorithm,6,"I always find myself banging for that music as soon as I hear the theme of that person, which I wasn't aware it was. It raises my curiosity since I did not manually search for ",No,N/A,I would like it to recommend music relevant to what I always searched for,They are hard to find their music; you sometimes find that their music are found on a certain skit on a video or whatever but as soon as you attentively go look for that song on official platforms they are nowhere to be found,25-34,Kwa Zulu Natal
02/08/2026 12:31:46,Yes,Yes,"Apple Music, YouTube Music, Spotify",10+,"Amapiano, SA House/Deep House, Gqom, Hip-Hop/Rap, Afrobeats, Gospel",Yes,My streaming app's recommendations/algorithm,I stumbled across them by chance while I was browsing new releases ,"Social media (TikTok, Instagram, etc.)",5,"They usually recommend music I like, but they miss the mark sometimes ",No,,"Recommend music that matches my taste, help me discover new artists, create playlists and keep me updated on new releases","They don’t get much exposure, so it is easy to miss their music and new releases",25-34,Gauteng
02/08/2026 12:31:52,Yes,Yes,"Apple Music, YouTube Music, Spotify, YouTube",10+,"Amapiano, SA House/Deep House, Hip-Hop/Rap, Afrobeats, Gospel",Yes,"Social media (TikTok, Instagram, etc.)",I saw a post on TikTok of the new song the artist was about to release,My streaming app's recommendations/algorithm,6,"Even if there is a song I have not played before, as long as it is sang by one of the artists I like, it will show",No,I have not used that before,I would like it to suggest onmy songs I will like and songs that people of the same taste as me like,Some artists change the genre of songs they release and you tend to lose connections with your favorite artists.,25-34,Kwa Zulu Natal
02/08/2026 12:32:01,Yes,Yes,"YouTube Music, Spotify, YouTube",5-10,"Amapiano, SA House/Deep House, Gospel",Yes,My streaming app's recommendations/algorithm,i was listening to music as usual and i heard the song and i didn't knew the song and i decided to know who the singer is and i found out that it's a new artist and i was really amazed,My streaming app's recommendations/algorithm,7,i rated that because it recommend according to my taste and it never recommend a song which is out of my taste,Not sure,,to recommend some new songs which i don't know of,lack of talent and coping another artist,25-34,Limpopo
02/08/2026 12:32:15,Yes,Yes,"Spotify, YouTube",5-10,"SA House/Deep House, Gospel, Pop",No,A live event or gig,It was in church when I first heard Eh Yahweh by Benjamin Dube. It was a lively praise song which I enjoyed. When I got home I searched it and have been playing it since. ,"Social media (TikTok, Instagram, etc.)",5,I feel I have to search for the songs and then look for it on spotify. ,No,,It should be able to find the music that I am looking for even if I know just one word in the title. ,I haven't found it hard so far. ,45+,Kwa Zulu Natal
02/08/2026 12:32:35,Yes,Yes,"Apple Music, YouTube Music, Spotify",5-10,"Amapiano, Gqom, Hip-Hop/Rap, Afrobeats, Gospel",Yes,"Social media (TikTok, Instagram, etc.)",I saw a song on TikTok and most people recommended that song. I went to Spotify to search for that artist (Monet) and I fall in love with the whole album. ,My streaming app's recommendations/algorithm,6,Most of the time it recommends music that I actually prefer and enjoy. It knows my taste in music so well.,No,,To arrange my playlist accordingly to my taste. Search for newly released songs that I will would prefer and enjoy.,Inconsistent in releases ,18-24,Eastern Cape
02/08/2026 12:33:11,Yes,Yes,"Deezer, YouTube Music, Spotify, Audiomack, YouTube",10+,"Amapiano, SA House/Deep House, Gqom, Hip-Hop/Rap, Gospel",Yes,"Social media (TikTok, Instagram, etc.)",Was on tiktok hearing a song I didn't know then liked the song and started searching for there artist. ,My streaming app's recommendations/algorithm,6,My app recommend according to my playlist. ,No,,To bring more music with the artist that I familiar. ,Not promising to bring more music as they tend to make good music then they dissappear. ,25-34,Limpopo
02/08/2026 12:33:32,Yes,Yes,"Apple Music, YouTube Music, Spotify, YouTube",5-10,"Amapiano, SA House/Deep House, Gqom, Hip-Hop/Rap, Afrobeats, Pop, Rock",Yes,"Social media (TikTok, Instagram, etc.)",I was browsing Tik Tok I happened to find this new artist with great music,My streaming app's recommendations/algorithm,6,I always get the recommendations of new artists and their music ,Yes,I happened to check the new music that is popular I was very pleased with the list I got while searching,I would like to select the list of of popular new artists and their music,None,45+,Kwa Zulu Natal
02/08/2026 12:33:34,Yes,Yes,"Apple Music, YouTube Music, Spotify, YouTube",5-10,"Amapiano, SA House/Deep House, Gqom, Hip-Hop/Rap, Afrobeats, Gospel",No,"Social media (TikTok, Instagram, etc.)","I was scrolling through TikTok and I came across this video which was trending with the artist I didn't know so I went to YouTube and searched the artist 
","Social media (TikTok, Instagram, etc.)",7,Mostly they recommend the music with genres I normally play,No,NA,I will definitely use it in future ,Trying to get to know the artist and having to understand the lirics ,25-34,Gauteng
02/08/2026 12:33:46,Yes,Yes,"Apple Music, YouTube Music, Boomplay, Audiomack",5-10,"Amapiano, SA House/Deep House, Gospel, Pop, Rock",Yes,My streaming app's recommendations/algorithm,"I was listening to one of my usual Amapiano playlists when my streaming app recommended a song from an artist I hadn't heard before. I liked the track, explored more of their music, and ended up saving several songs to my library. It felt like a genuine discovery that matched my taste.",My streaming app's recommendations/algorithm,6,"The recommendations usually match my taste and help me discover artists I probably wouldn't have found on my own. They occasionally repeat familiar songs, but they're generally good at suggesting music I enjoy.",Yes,"I've used AI playlists and AI radio. They usually pick songs that fit my listening habits and mood, and they've helped me discover a few new artists. Sometimes the recommendations become repetitive, but overall the experience has been positive.","I'd want it to recommend emerging South African artists based on my tastes, alert me when they release new music, create personalized playlists, and let me know about concerts or live performances nearby.","Many independent artists have limited promotion, so it's difficult to discover them consistently or keep up with new releases unless the streaming app recommends them or someone shares their music.",25-34,Gauteng
02/08/2026 12:34:12,Yes,Yes,"YouTube Music, YouTube",5-10,"SA House/Deep House, Pop, Old school RnB/House",Yes,My streaming app's recommendations/algorithm,I was doing my Saturday home cleanup while streaming music off of my YouTube music application and a song by this artist played automatically as a suggestion after the one that I intentionally picked to listen to.,My streaming app's recommendations/algorithm,6,"I find that YouTube Music is very much competent when it comes to understanding my taste in music. The application may not get it right all of the time, but it certainly does most of the time.",No,NA,I would like for it to suggest music that I might enjoy.,Their music is not always consistent for me. I may like just one song of an entire album.,45+,Kwa Zulu Natal
02/08/2026 12:34:15,Yes,Yes,"YouTube Music, Spotify, YouTube",2-5,"Amapiano, SA House/Deep House, Gqom, Hip-Hop/Rap, Afrobeats, Gospel, Pop, Maskandi, afro-folk, afro-soul, jazz, r&b",Yes,"Social media (TikTok, Instagram, etc.)",I saw the artist's video on his tiktok profile,A friend or family member playing it for me,6,Spotify smart shuffle often recommends artists who make the kind of music that I like,No,,To introduce me to good artists that I would like who do no have  lot of exposure,Their live shows sell out quickly,18-24,Gauteng
02/08/2026 12:37:23,Yes,Yes,"Apple Music, Deezer, YouTube Music, Spotify, YouTube",10+,"Amapiano, SA House/Deep House, Hip-Hop/Rap, Afrobeats, Gospel, Pop",Yes,"Social media (TikTok, Instagram, etc.)","I was on TikTok scrolling, then I found a challenge of a new song. I loved the song to the extent that I streamed the artist’s songs ","Social media (TikTok, Instagram, etc.)",7,It plays the genre on autoplay,No,,Help me discover new songs and tell me when my favorite artists release new music.,Finding their music and keeping up with their new releases.,25-34,Gauteng
02/08/2026 12:37:40,Yes,Yes,"Apple Music, YouTube Music, Spotify, YouTube",2-5,"Amapiano, SA House/Deep House, Afrobeats, Gospel",Yes,"Social media (TikTok, Instagram, etc.)",I was scrolling through social media and found a post of a content creator cooking and playing a background song i like and i checked it online that's how i discovered the new artist,"Social media (TikTok, Instagram, etc.)",7,I rated extremely well because it always makes recommendations accurately according to my tastes and type of music i stream it's always similar,No,,I honestly do not know.,"Recommending it to others most people prefer well known artists, ",45+,North West
06/08/2026 15:37:53,Yes,Yes,YouTube,2-5,"Hip-Hop/Rap, rnb and neo soul",No,My streaming app's recommendations/algorithm,i was on my instagram feed and then i saw a girl post a video of her dancing to unotheactivist on her finsta ,A live event or gig,3,a lot of the times what is being pushed for me to listen to is whats popular on tiktok or sometimes ai songs will be pushed to me and im super against that ,Yes,the Ai features on spotify dont get the vibe at all and will play the same 5 songs you searched for and listened to but doesnt play or recommend similar songs of the vibe you were looking for ,"
generate ads for social media campaigns 
to promote the music 
","consistency , not enough catalogue ",18-24,Gauteng
06/08/2026 16:09:42,Yes,Yes,YouTube Music,10+,"SA House/Deep House, Hip-Hop/Rap",Yes,My streaming app's recommendations/algorithm,A random track played,"Social media (TikTok, Instagram, etc.)",5,It plays my music I like,No,,Play my music I like,They hard to discover ,25-34,Gauteng
06/08/2026 16:11:51,Yes,Yes,Spotify,10+,"Amapiano, SA House/Deep House, Afrobeats, R&B",No,A radio station or DJ,,My streaming app's recommendations/algorithm,3,Almost my taste in sound but not quite ,No,,,No hype around new releases ,45+,Gauteng
06/08/2026 16:13:03,Yes,Yes,YouTube Music,5-10,Hip-Hop/Rap,Yes,A friend or family member playing it for me,It was a friend that was playing music in the barbershop,A friend or family member playing it for me,3,Because only a few local tracks of SA will pop up when I’m listening to SA hip hop online,No,,,They have way too much Ego ,18-24,Gauteng
06/08/2026 16:13:23,,,,,,,,,,,,,,,,,
06/08/2026 16:13:53,Yes,Yes,Apple Music,10+,Hip-Hop/Rap,Yes,A friend or family member playing it for me,Me and my friend exchanged music all the time and he just sent me a screenshot and plugged me ,A friend or family member playing it for me,4,I don’t get too much local recommendations ,Yes,Just search the playlist of the music I wanted to listen to and there were a number of them,Not really ,Getting exposure ,25-34,Gauteng
07/08/2026 17:22:56,Yes,Yes,"Apple Music, YouTube Music, Spotify, YouTube",10+,"Amapiano, SA House/Deep House, Hip-Hop/Rap, Gospel",No,"Social media (TikTok, Instagram, etc.)",I was scrolling through Facebook video and discovered ornathy ,"Social media (TikTok, Instagram, etc.)",6,They recommend what i listen to,No,,Be able to understand what i enjoy or would enjoy ,Thier music quality is still low. And they lack proper advertisment ,25-34,North West
07/08/2026 17:23:29,Yes,Yes,"Apple Music, YouTube Music, Spotify",10+,"Amapiano, SA House/Deep House, Hip-Hop/Rap, Rnb",Yes,"Social media (TikTok, Instagram, etc.)",Today,A live event or gig,6,Its music you relate to,Not sure,,Yes,You need to follower them,25-34,Gauteng
07/08/2026 17:23:52,Yes,Yes,"YouTube Music, Spotify, YouTube, Vidmate",2-5,"Amapiano, SA House/Deep House, Gqom, Hip-Hop/Rap, Gospel, Pop, Lekompo",Yes,"Social media (TikTok, Instagram, etc.)",I saw his video on tiktok he was promoting his song thats how i discoverd him and  i love him ,"Social media (TikTok, Instagram, etc.)",7,Once I start searching a particular person i get recommendations of other similar songs i love ,No,,I would want it to make playlists for me and recommend songs now and then,They take time to release songs,18-24,Free State
07/08/2026 17:23:57,Yes,Yes,"YouTube Music, Spotify, YouTube",2-5,"Amapiano, Gqom, Afrobeats, Pop",No,My streaming app's recommendations/algorithm,I was listening to my recommended playlist,My streaming app's recommendations/algorithm,6,They play the songs I like the most,No,,To play music based on my mood ,Some of them dont release songs regularly,25-34,Eastern Cape
07/08/2026 17:24:19,Yes,Yes,"Apple Music, YouTube Music, Spotify, YouTube",10+,"Amapiano, SA House/Deep House, Hip-Hop/Rap, Afrobeats, Gospel",Yes,"Social media (TikTok, Instagram, etc.)","I like to actively search for new artists during my free time, so I then listen to their music and decide whether or not I love their work.",My streaming app's recommendations/algorithm,7,"I always get artists that I end up loving, I have not gotten a recommendation that I did not enjoy as of yet. ",Not sure,,"Explain what a song means while i am listening to the song, so like tell me the story behind the song.","They drop their music after a while, because they first need to push their music on social media and make people aware of the song before it drops, but this is time consuming because they do not have the record label helping them push out their work.",25-34,Eastern Cape
07/08/2026 17:24:25,Yes,Yes,"Apple Music, YouTube Music, Spotify",2-5,"Amapiano, SA House/Deep House, Hip-Hop/Rap",Yes,My streaming app's recommendations/algorithm,I was just browsing and it was recommended by algorithm ,My streaming app's recommendations/algorithm,6,It does recommend according to what I listen to ,Not sure,Not sure ,Recommend new artist according to my genres ,They fade quickly ,25-34,Gauteng
07/08/2026 17:25:12,Yes,Yes,"Apple Music, YouTube Music, Spotify, YouTube",10+,"Amapiano, Gqom, Hip-Hop/Rap, Gospel",Yes,"Social media (TikTok, Instagram, etc.)",i heard their music on tiktok and i loved everything,"Social media (TikTok, Instagram, etc.)",7,because it always make sure it releases the good music,Yes,it was a good experiences as i get to understand everything,i will want it to understand what kind of music do i like ,that you do not know when they are going to stop making music,25-34,Free State
07/08/2026 17:25:12,Yes,Yes,"Apple Music, Deezer, YouTube Music, Spotify",2-5,"Amapiano, Hip-Hop/Rap, Gospel",Yes,My streaming app's recommendations/algorithm,I was listening to a song on Spotify and then is a pop up showed that suggested the new artist ,"Social media (TikTok, Instagram, etc.)",6,suggest playlist according to my taste ,No,,yes,producing more music ,18-24,Eastern Cape
07/08/2026 17:25:19,Yes,Yes,"Apple Music, YouTube Music, Spotify, YouTube",5-10,"Amapiano, SA House/Deep House, Hip-Hop/Rap, Gospel",Yes,My streaming app's recommendations/algorithm,he was featured in a song so i liked the song and i went through the catalogue,My streaming app's recommendations/algorithm,5,because they match what is similar to the sound you listening to,No,,to find the similar production to the song im listening to,,25-34,North West
07/08/2026 17:25:36,Yes,Yes,"Apple Music, YouTube Music, Spotify, YouTube",5-10,"Amapiano, Afrobeats, Gospel, Pop",Yes,"Social media (TikTok, Instagram, etc.)",I found them on TikTok on a trending video and went to look for them on my streaming platforms ,"Social media (TikTok, Instagram, etc.)",5,"Sometimes the apps recommend to my taste, most of the time",No,N/A,Find me songs I have not discovered yet,Having to defend them online,35-44,Western Cape
07/08/2026 17:25:43,Yes,Yes,"Apple Music, YouTube Music, Spotify",10+,"Amapiano, SA House/Deep House, Hip-Hop/Rap, Afrobeats, Gospel, Neo Soul",Yes,My streaming app's recommendations/algorithm,"It was on the ""Picked For You"" playlist created by Spotify. A few songs in I heard a song I liked but didn't know then I saved the artists song and later browsed and listen to more songs from them.","Social media (TikTok, Instagram, etc.)",7,It uses songs I've listen to in the past and matches it to similar songs I would like and honestly its always on the right track with its recommendations.,No,,Use my algorithms to track my browsing history which can be linked to my mental state and play me songs to revive it or match up to it. ,"Consistency, they often change sounds which in most cases differs a lot from the tracks they introduced themselves as, which is the reason why their fame doesn't last.",25-34,Gauteng
07/08/2026 17:25:51,Yes,Yes,"Apple Music, YouTube Music, Spotify, YouTube",5-10,"Amapiano, SA House/Deep House, Hip-Hop/Rap, Afrobeats",Yes,My streaming app's recommendations/algorithm,"I was searching for a song I heard on YouTube shorts on the Spotify platform; after listening to it, Spotify recommended another artist in the same genre.","Social media (TikTok, Instagram, etc.)",5,"Although they recommended more lcal music, they added more in a similar genre but not local or the exact genre I listen to the most.",No,,,Deciding who to listen to at the time and the fact that more and more music are becoming similar.,25-34,Gauteng
07/08/2026 17:25:54,Yes,Yes,"YouTube Music, Spotify",2-5,SA House/Deep House,Yes,My streaming app's recommendations/algorithm,I was listening to a house mix on YouTube and his song played in the mix so I went to go look for him on Spotify. ,"Social media (TikTok, Instagram, etc.)",4,It recommends mostly songs that are being listened to a lot.,No,,Find me music that sounds similar to the ones on my playlist.,Some of them aren’t consistent. They hardly release music consistently .,18-24,Gauteng
07/08/2026 17:26:07,Yes,Yes,"Apple Music, YouTube Music, Spotify, YouTube",10+,"Amapiano, SA House/Deep House, Gqom, Gospel, RNB",Yes,"Social media (TikTok, Instagram, etc.)",I was watching tik-tok and this artist named Tenarelle popped up and I went ahead and searched for her songs.,My streaming app's recommendations/algorithm,6,"I get many recommendations based of the music I listen to, so the streaming apps are spot on.",No,,I would want it to turn my original voice to an actually nice singing voice and create a beat for me.,Their music fades after a week or so.,25-34,Gauteng
07/08/2026 17:26:14,Yes,Yes,"YouTube Music, Spotify",2-5,"Amapiano, SA House/Deep House, Hip-Hop/Rap, Gospel",No,My streaming app's recommendations/algorithm,My music was playing on shuffle and on recommendations and the song of the artist came on and I went through their music/catalogue,"Social media (TikTok, Instagram, etc.)",5,I feel that because I mostly listen to South African music my streaming app's recommendation know which songs to recommend based on what I listen to,No,N/A,"I would want it to tell it my mood, how my day is going or how I feel and it recommends songs based on that",Sometimes they are a few songs available on the streaming platforms so it gets hard to follow them because their music gets lost in the many artists are are available and are pushed by big companies.,25-34,Gauteng
07/08/2026 17:26:21,Yes,Yes,"YouTube Music, Spotify",2-5,SA House/Deep House,Yes,My streaming app's recommendations/algorithm,I was listening to a house mix on YouTube and his song played in the mix so I went to go look for him on Spotify. ,"Social media (TikTok, Instagram, etc.)",4,It recommends mostly songs that are being listened to a lot.,No,,Find me music that sounds similar to the ones on my playlist.,Some of them aren’t consistent. They hardly release music consistently .,18-24,Gauteng
07/08/2026 17:26:26,Yes,Yes,"YouTube Music, Spotify",2-5,SA House/Deep House,Yes,My streaming app's recommendations/algorithm,I was listening to a house mix on YouTube and his song played in the mix so I went to go look for him on Spotify. ,"Social media (TikTok, Instagram, etc.)",4,It recommends mostly songs that are being listened to a lot.,No,,Find me music that sounds similar to the ones on my playlist.,Some of them aren’t consistent. They hardly release music consistently .,18-24,Gauteng
07/08/2026 17:26:28,Yes,Yes,"YouTube Music, Spotify, YouTube",10+,"Amapiano, SA House/Deep House, Hip-Hop/Rap, Afrobeats, Pop",Yes,"Social media (TikTok, Instagram, etc.)",I was scrolling through TikTok and a video played of a song that was going to be released soon and I loved it so I saved the video and went into their profile to see what other music they had and they did and I downloaded more music ,"Social media (TikTok, Instagram, etc.)",7,I love it because it's original and has South African rhythm and feel and beats and all south African artists use many platforms to post their music ,Yes,It chose different music for me to listen to that was similar to what I liked and it gave me a broader music experience ,Find more music that I like and able to download ,It is hard to get some of their music unless they give a direct link to download it,25-34,Kwa Zulu Natal
07/08/2026 17:26:31,Yes,Yes,"Apple Music, YouTube Music, Spotify, YouTube",10+,"Amapiano, SA House/Deep House, Hip-Hop/Rap, Afrobeats, Gospel, Pop",Yes,"Social media (TikTok, Instagram, etc.)","i listen to the music on tiktok, then i liked it and went to stream it on spotify and you tube ","Social media (TikTok, Instagram, etc.)",7,i don't take time when searching a song with it's lyrics ,Yes,it was good,to help me with selecting my favorite songs in one Playlist ,no hard part for me.,25-34,Gauteng
07/08/2026 17:26:48,Yes,Yes,"Apple Music, YouTube Music, Spotify, YouTube",10+,"Amapiano, Gqom, Hip-Hop/Rap, Rock",Yes,My streaming app's recommendations/algorithm,i was playing my playlist as usual then it ended but similar songs where playing i ran into an artist i didn't know,A friend or family member playing it for me,7,it feels like it knows what i need,No,,analyse  my music taste and recommend me new songs and artists,finding the songs,18-24,Gauteng
07/08/2026 17:26:50,Yes,Yes,"Apple Music, Deezer, YouTube Music, Spotify, YouTube",10+,"Amapiano, SA House/Deep House, Gqom, Hip-Hop/Rap, Afrobeats, Gospel, Pop, Rock",Yes,My streaming app's recommendations/algorithm,I was listening to music and the song came through,"Social media (TikTok, Instagram, etc.)",7,It was a good music and it's the same genre and spoke to me,No,,Create playlist of songs I listened to before,Keeping consistency with the music they give us,25-34,Gauteng
07/08/2026 17:26:57,Yes,Yes,"YouTube Music, Spotify",5-10,"Amapiano, SA House/Deep House, Hip-Hop/Rap, Afrobeats, Gospel, Pop",Yes,"Social media (TikTok, Instagram, etc.)",I was doomscrolling on Tiktok and came across an anime edit with a song I absolutely loved and it was by a new artist.,A radio station or DJ,7,"I use Spotify mostly, and there are quite a few SA music playlists.",Yes,"I used an AI DJ, and it was a pleasant experience as I was introduced to a few new music.",I would want it to search for songs similar to my favourite song.,They take long to release new music.,25-34,Western Cape
07/08/2026 17:27:11,Yes,Yes,"YouTube Music, Spotify, YouTube",5-10,"Amapiano, SA House/Deep House, Gqom, Hip-Hop/Rap, Afrobeats, Gospel, Pop, Rock",Yes,My streaming app's recommendations/algorithm,I was listening to a playlist on Spotify and the app suggested a new SA artist. I liked their song and saved it to my library.,"Social media (TikTok, Instagram, etc.)",5,"My streaming app sometimes suggests good local artists like Amapiano and SA house, but other times it recommends international music that doesn't match what I listen to.",Yes,"I have used AI playlists and AI radio on my streaming app. It helps me discover new songs based on what I already like, and sometimes it introduces me to new South African artists.","Recommend new South African artists and songs that match my taste, and create playlists for me based on genres like Amapiano and SA house.",It's hard to find out about new artists because they don't always get promoted on big platforms or radio.,25-34,Gauteng
07/08/2026 17:27:28,Yes,Yes,"Apple Music, YouTube Music, Spotify, YouTube",2-5,"Amapiano, Gqom, Hip-Hop/Rap, Gospel",Yes,My streaming app's recommendations/algorithm,i searched for a song i knew then later the next song was played and i wished to know the artist,My streaming app's recommendations/algorithm,6,streaming always discovers new songs you may like because they know which songs you listen the most,No,,to help me discover nice music,some songs maybe not interesting,18-24,Mpumalanga
07/08/2026 17:27:58,Yes,Yes,"Apple Music, YouTube Music, Spotify",10+,"Amapiano, SA House/Deep House, Gqom, Afrobeats, Gospel, Pop, RnB",Yes,"Social media (TikTok, Instagram, etc.)","i was doom scrolling on TikTok and stayed on a video for a while, and later kept seeing more videos that were using the same sound, `i then added the song to my apple TikTok playlist","Social media (TikTok, Instagram, etc.)",6,"I think it nails it every time especially when it comes to new music and new artists, the playlists that it creates help me discover new songs and artists as well as new albums as well based on music or songs i listen to the most",No,,i think create a song with my own lyrics and find the perfect beat for me,"i sometimes find that i only like a few or sometimes just that one song that i heard, i say this because i do go to the artists ""page"" on my streaming platform and listen to their top songs or albums etc. ",25-34,"Western Cape, Kwa Zulu Natal"
07/08/2026 17:28:05,Yes,Yes,"YouTube Music, YouTube",<2,"Amapiano, SA House/Deep House, Gqom, Hip-Hop/Rap, Afrobeats, Gospel, Pop",Yes,"Social media (TikTok, Instagram, etc.)",I WAS BROWSING THROUGH TIK-TOK AND I LOVED THE SONG IT BACKGROUD,A live event or gig,5,I THINK IT PICKS UP THE KIND OF SONGS YOU LISTEN TO THEN RECOMMENDS THE ONES IT THINKS YOU WILL LIKE BASED ON YOUR REGULAR PLAY LIST,No,,LIST MY PLAY LIST THE WAY I LIKE IT FROM UP TO BOTTOM ,GETTING TO KNOW THEIR MUSIC AND GENRE,25-34,North West
07/08/2026 17:28:26,Yes,Yes,"YouTube Music, Spotify, YouTube",5-10,"Amapiano, SA House/Deep House, Pop",Yes,"Social media (TikTok, Instagram, etc.)",Someone made a tiktok video with the song,"Social media (TikTok, Instagram, etc.)",4,It does not give me a lot of recommendations that suit my taste,No,,Identify a song,nothing,25-34,Gauteng
07/08/2026 17:28:34,Yes,Yes,Spotify,2-5,"Gospel, Pop, Rock",Yes,My streaming app's recommendations/algorithm,My app recommended it to me ,A radio station or DJ,6,They always recommend music that suits me,No,,Make a playlist of my favorite songs ,Non,25-34,Gauteng
07/08/2026 17:28:45,Yes,Yes,"YouTube Music, Spotify, Audiomack, YouTube",10+,"Amapiano, SA House/Deep House, Gqom, Hip-Hop/Rap, Gospel",Yes,A friend or family member playing it for me,I was scrolling through social media and i saw someone sing to the lyrics of the song amd it was so good i wanted to hear more of his music,"Social media (TikTok, Instagram, etc.)",7,I like that the songs recommended are similar to the song i searched,No,N/A,I would want to make an educational music for kids,It is the fact that they need a lot of support to make it and that would require other people and me to share and i do not want to most things on social media. ,35-44,Kwa Zulu Natal
07/08/2026 17:28:50,Yes,Yes,"Apple Music, YouTube Music, Spotify",10+,"Amapiano, SA House/Deep House, Gqom, Hip-Hop/Rap, Afrobeats, Gospel, Pop",Yes,"Social media (TikTok, Instagram, etc.)","I was scrolling on TikTok like any other day, then I stumbled upon a video of someone dancing and I really like the sound that was playing in the background so I looked it up and I found it was by an artist I never heard of.","Social media (TikTok, Instagram, etc.)",7,The apps that I use to stream music is always recommanding songs that are similar to the ones I listen ,Yes,"It worked well, it chose songs that I would like using the ones I listen to as a guide",It would look at the songs I play and guess more and new artists that I can listen to ,It is hard to find their songs,18-24,Western Cape
07/08/2026 17:29:24,Yes,Yes,"Apple Music, YouTube Music, Spotify",5-10,"Amapiano, SA House/Deep House, Afrobeats",No,A radio station or DJ,I went to a friends party and heard the song. snce then I searched the artist and immediately loved them,A radio station or DJ,5,My streaming apps work perfextly well in recommending music that is similar to what i have searched or what i have been listening to peviously,Yes,It was actually great and exceeded my expectations,Make endless music for my playlist that i would love,Findig their music on the popular websites,25-34,Free State
07/08/2026 17:30:11,Yes,Yes,"Apple Music, YouTube Music, Spotify",10+,"Amapiano, SA House/Deep House",Yes,"Social media (TikTok, Instagram, etc.)",,"Social media (TikTok, Instagram, etc.)",5,"The recommendations usually pick up the genres and artists I enjoy, and they occasionally suggest good South African music that matches my taste. However, they also repeat the same popular tracks and don't always introduce me to new or lesser known local artists, so there's still room for improvement.",Yes,"I've used AI playlists, and they usually recommend music I like, but the suggestions can get repetitive.","I'd like it to recommend new local artists, create playlists based on my mood, and help me discover songs I'll enjoy.",Finding new artists consistently and keeping up with their latest releases.,25-34,Gauteng
07/08/2026 17:30:48,Yes,Yes,"Apple Music, Spotify, YouTube",2-5,"Amapiano, Afrobeats, Gospel, Pop",No,"Social media (TikTok, Instagram, etc.)",I was scrolling on social media ,"Social media (TikTok, Instagram, etc.)",7,The algorithm usually catches up on previous listening ,No,N/A,Find new music I would like ,"They are not visible enough, poor marketing ",25-34,Eastern Cape
07/08/2026 17:30:49,Yes,Yes,"Apple Music, YouTube",2-5,"Hip-Hop/Rap, Gospel",Yes,My streaming app's recommendations/algorithm,The last time i found new artist i loved it was when i was streaming on youtube and i just saw the name pop up and i was so interested to check who is the person and what type of a genre is she doing,"Social media (TikTok, Instagram, etc.)",5,normally youtube and apple music they pop up the trending songs and those trending songs are my taste of music so i don't struggle to even search,Yes,AI i found it good and easy to use especially when it comes to recommending it do the job ,i will want it to select all the local South African songs and create a playlist,usually is consistency,25-34,Limpopo
07/08/2026 17:31:36,Yes,Yes,"Apple Music, YouTube Music, Spotify, YouTube",2-5,"Amapiano, SA House/Deep House, Afrobeats, Gospel",Yes,My streaming app's recommendations/algorithm,the songs were among the ones you tube recommended based on my taste of music,"Social media (TikTok, Instagram, etc.)",7,i said extremely because they always recommend hits and trending ones all based on my taste of music and i like it,No,haven't used them,"would be better if that AI can be like Alexa meaning able to listen to what i say and do like repeat that one, look for this one",some of them are just one hit wonders and they haven't fully given their life to music or understand celebrity life meaning they don't understand that people see them as role model,45+,Gauteng
07/08/2026 17:33:37,Yes,Yes,"YouTube Music, Spotify, Audiomack, YouTube, ",10+,"Amapiano, SA House/Deep House",Yes,My streaming app's recommendations/algorithm,I was playing youtube dj mixes and that's how i discovered the new artist,My streaming app's recommendations/algorithm,5,I think pretty well because when i play a certain genre my algorithm suggests similar music and tends to create a playslist of the genre ,Not sure,,Take my instructions precisely and recommendations and commands,Keeping up with them about their daily life,25-34,Limpopo
07/08/2026 17:37:02,Yes,Yes,"Deezer, YouTube Music, Boomplay, Spotify, YouTube",10+,"Amapiano, SA House/Deep House, Hip-Hop/Rap, Gospel, Pop",Yes,My streaming app's recommendations/algorithm,"I was downloading a few songs then i clicked to listen to a new trending artist, that's how i discovered this new artist","Social media (TikTok, Instagram, etc.)",6,"I think my music streaming app understands which music to recommend to me almost everytime, that's why my rating is at ""6""",Yes,It felt and sounded so good and almost like one of the human created music platforms,to find me the newly released trending songs that i may have missed while downloading or streaming through my music streaming app,their music can sometimes be hard or too boring to listen to especially if the new/independent artist isn't trending or unpopular,25-34,North West
07/08/2026 17:39:45,Yes,Yes,"Apple Music, Deezer, YouTube Music, Boomplay, Spotify",5-10,"Amapiano, Afrobeats, Gospel, Pop",Yes,"Social media (TikTok, Instagram, etc.)",I was watching videos on TikTok when I came across a song that caught my attention. I searched for the artist and started listening to their music and ended up becoming a fan ,"Social media (TikTok, Instagram, etc.)",7,The recommendations match my music test very well and regularly suggest new artists and songs I enjoy.,Not sure,,I would like it to recomend new song based on my listing habit and notify me about new release,It can be difficult to discover new independent artists because they often have limited exposure.,25-34,Kwa Zulu Natal
07/08/2026 17:46:29,Yes,Yes,"YouTube Music, Spotify, YouTube",2-5,"Amapiano, SA House/Deep House, Gqom, Hip-Hop/Rap, Gospel",Yes,"Social media (TikTok, Instagram, etc.)","I heard a TikTok influencer playing queen terc song will dancing to it and I fell in love with the lyrics,I went to Spotify to play it","Social media (TikTok, Instagram, etc.)",6,Because it has songs which I love and enjoy the most,No,,To play songs of one artist according to order ,Some songs become boring they need features ,18-24,Mpumalanga